created,sentiment.compound,sentiment.neg,sentiment.neu,sentiment.pos,tweet_text,user
2018-06-24 19:03:02,0.0,0.0,1.0,0.0,"Follow the inner workings of @nytimes, one of the most prolific American media outlets, during the first 12 months‚Ä¶ https://t.co/sTcKSPw5QW",BBC
2018-06-24 18:32:03,-0.5574,0.153,0.847,0.0,üöó üá∏üá¶ Women in Saudi Arabia are hitting the road as the country's ban on women driving officially ends. https://t.co/RLv1njCk5t,BBC
2018-06-24 18:10:27,0.5994,0.0,0.755,0.245,"RT @BBCWthrWatchers: Beautiful ""night shining"" clouds, captured by our Weather Watchers #NoctilucentClouds https://t.co/FE9F3YQ3Kd",BBC
2018-06-24 18:04:04,-0.5267,0.195,0.805,0.0,"This. Will. Hurt.

@IdrisElba returns as the inimitable DCI #Luther. Coming soon to @BBCOne. https://t.co/AOmhtLjldy",BBC
2018-06-24 17:08:05,0.6705,0.078,0.658,0.263,"43% of female festival goers under 40 say they've faced unwanted sexual behaviour at a music festival, a new survey‚Ä¶ https://t.co/Wd5gcaHCgH",BBC
2018-06-24 16:02:06,0.0,0.106,0.787,0.106,"Imagine waking up one morning and you've lost the ability to speak or move your hands.
(via @BBCThree) https://t.co/M8IJVGSoE7",BBC
2018-06-24 15:18:03,0.0,0.0,1.0,0.0,"In the aftermath of Hurricane Maria, Michelin-starred @chefjoseandres managed to feed more Puerto Ricans than any g‚Ä¶ https://t.co/HHjrHbsIb8",BBC
2018-06-24 14:29:47,0.5859,0.0,0.888,0.112,"RT @BBCMOTD: #ENG win 6-1 ‚úÖ
On a Sunday ‚úÖ
In the Sun ‚úÖ

Live scenes across England right now ‚òÄüéâ

#ENGPAN https://t.co/pOqaVykdHG",BBC
2018-06-24 14:20:08,0.0,0.0,1.0,0.0,"‚ù§Ô∏èüíç Game of Thrones stars, Rose Leslie and Kit Harington have tied the knot at a ceremony in Aberdeenshire.
üëâ‚Ä¶ https://t.co/VzvDpNHgRO",BBC
2018-06-24 13:03:02,-0.4215,0.135,0.865,0.0,"üíîü¶ç Koko the gorilla sadly passed away this week, aged 46.

This is the story of her life. https://t.co/rIRb7mHpJx",BBC
2018-06-24 12:02:03,0.0,0.0,1.0,0.0,üêõ Did you know there's a whole world on the back of a sloth?  https://t.co/wRWmXa7j4R,BBC
2018-06-24 11:04:03,0.8268,0.0,0.688,0.312,"ü•ëü•ïüåû These summery vegan dishes are perfect for when it's hot (and still delicious when it's not!) 

üëâ‚Ä¶ https://t.co/n8Nra5f9Jl",BBC
2018-06-24 10:52:39,0.2942,0.0,0.897,0.103,"RT @BBCWorld: ""At last!""

Saudi Arabia becomes the last country in the world to allow women to drive. https://t.co/vfOqNTBk9o https://t.co/‚Ä¶",BBC
2018-06-24 10:03:02,0.3612,0.0,0.783,0.217,"Getting ready for #ENG v #PAN like... Ô∏è‚öΩÔ∏èüèÜüí™ @JKCorden #WorldCup 

https://t.co/EbID4RxLuE",BBC
2018-06-24 09:33:12,0.6269,0.0,0.745,0.255,"RT @BBC6Music: Ah, it seems so peaceful @GlastoFest this weekend. (via @bbcsomerset)  https://t.co/JzF0sbDEEh",BBC
2018-06-24 09:04:05,0.34,0.0,0.882,0.118,"Today, England play their first ever match against #WorldCup debutants Panama. ü¶Åü¶Åü¶Å

World Cup 2018: #ENG v #PAN | 1‚Ä¶ https://t.co/rZLcc8qfZ8",BBC
2018-06-24 08:37:50,0.0,0.0,1.0,0.0,"RT @BBCWorld: New Zealand's PM reveals her daughter's name as she leaves hospital in Auckland üë∂üá≥üáø

https://t.co/5E751apfOg https://t.co/Zt7‚Ä¶",BBC
2018-06-24 08:20:08,0.0,0.0,1.0,0.0,"What's happened since #BluePlanet2 first aired and what does Sir David Attenborough think about the response?
üëâ‚Ä¶ https://t.co/Qo4Nu3wQHT",BBC
2018-06-24 07:01:05,0.3182,0.24,0.413,0.347,"‚öΩÔ∏è‚ù§Ô∏è I. Bloody. Love. Football. 
#WorldCup https://t.co/vrmHGAfFYY",BBC
2018-06-23 20:12:00,0.0,0.0,1.0,0.0,"Over the last 50 years, the flesh-footed shearwater population has dropped by 30%.

Plastic is a major cause of the‚Ä¶ https://t.co/KwcWT38E6F",BBC
2018-06-23 19:02:02,0.0,0.0,1.0,0.0,"Live coverage of England's clash with New Zealand in Colorado, USA. üèâ

Rugby League: New Zealand v England | 9pm |‚Ä¶ https://t.co/gNfWK4lAsg",BBC
2018-06-23 17:06:01,0.5719,0.0,0.821,0.179,‚òÄÔ∏èüôå Thousands of people gathered at Stonehenge this week to watch the sunrise and celebrate the #SummerSolstice. https://t.co/f0PA5HYgRK,BBC
2018-06-23 16:02:02,0.7412,0.0,0.614,0.386,"‚öΩüêù Goal!!!
These clever bumblebees have been taught to play football. https://t.co/00fEPKxEYQ",BBC
2018-06-23 15:00:27,0.4019,0.0,0.847,0.153,"üì±‚ôøÔ∏è This 13-year-old made an app to help disabled people find accessible services. 
(via @BBCThree) https://t.co/EkjrhQOFi3",BBC
2018-06-23 14:02:01,0.0,0.0,1.0,0.0,"Unlocking the hidden life of Frida Kahlo.
üëâ https://t.co/g8KqGCs5JX https://t.co/SyRnFXRvNQ",BBC
2018-06-23 12:57:05,0.0,0.0,1.0,0.0,"üé∂üé§Meet the stockbroker who writes hits for @LittleMix and @JessGlynne 

https://t.co/zYl0M4CHcj https://t.co/s8HYxwiDKr",BBC
2018-06-23 12:00:16,0.0,0.0,1.0,0.0,"üé∂ SOUND ON üé∂ 
Below the big blue there is green! üíö
#OurBluePlanet w/ @OceanX https://t.co/E46jJvtmrN",BBC
2018-06-23 11:01:06,0.0,0.0,1.0,0.0,"Faced with extreme weather, Bolivian farmers are going underground.
#BBCTakingTheTemperature https://t.co/ocATWI0jPL",BBC
2018-06-23 10:02:04,0.0,0.143,0.675,0.183,"The ban on microbeads in certain products has begun in England and Scotland.

Here are some natural alternatives so‚Ä¶ https://t.co/vqESNyr5qD",BBC
2018-06-23 09:01:05,0.0,0.0,1.0,0.0,"üòçüêø Baby squirrels grow up so fast! 
#SuperSquirrels https://t.co/NzSE4lUIC8",BBC
2018-06-23 07:59:02,0.2732,0.0,0.86,0.14,There has been a significant fall in the number of cases of HPV following the introduction of a vaccine for young w‚Ä¶ https://t.co/19trkIMZ91,BBC
2018-06-23 07:22:00,0.0,0.0,1.0,0.0,"‚ôªÔ∏èüåçSmall actions can make a big difference. 
#PlasticsAction

https://t.co/AWXUYNJ4e3 https://t.co/9Khy2bq19Z",BBC
2018-06-22 19:11:28,0.6369,0.0,0.741,0.259,"RT @BBCBreakfast: So many reasons to love¬†the #NorthEast of #England.
#Inventions https://t.co/xVseuMG347",BBC
2018-06-22 19:11:15,0.25,0.0,0.913,0.087,"RT @bbcworldservice: Born without a jaw, Isaiah Acosta has never spoken a word, yet he‚Äôs gone on to fulfil his dream of becoming a rapper.‚Ä¶",BBC
2018-06-22 19:10:41,0.0,0.0,1.0,0.0,"RT @bbcstories: Today marks 70 years since the arrival of Caribbean migrants on the Empire Windrush ship to the UK.

 Back in 2018, how has‚Ä¶",BBC
2018-06-22 19:10:14,0.7518,0.0,0.735,0.265,RT @BBCTwo: How long would it take you to demolish this AMAZING burger? üçîüòµ #MillionPoundMenu https://t.co/KH8VHK2rE6,BBC
2018-06-22 19:09:53,0.3612,0.0,0.902,0.098,"RT @BBCFOUR: With over 10,000 credits, Carol Kaye is one of the most prolific bassists of all time ‚Äì and her bragging rights are *amazing*.‚Ä¶",BBC
2018-06-22 19:04:06,0.4215,0.0,0.865,0.135,"‚ù§Ô∏èüêø Meet the sabre-toothed squirrel whose life was saved by an amateur dentist.
üëâ https://t.co/C6gXwp7Yke https://t.co/fp3vGzEW5S",BBC
2018-06-22 18:01:05,-0.3182,0.15,0.85,0.0,"üòÇüëõ Everyone has that one mate who always loses their purse... 
#HearHer #LiveAtTheApollo https://t.co/DinViMhGVm",BBC
2018-06-22 17:00:21,0.0,0.0,1.0,0.0,üêæüê∂üíï Would you give a deaf dog a home? https://t.co/sjbsjOEzqT,BBC
2018-06-22 16:01:00,0.0,0.0,1.0,0.0,"When the weekend's so close you can almost touch it...  üôå #FridayFeeling
 @Camila_Cabello https://t.co/eosSiBxZft",BBC
2018-06-22 13:02:03,0.0,0.0,1.0,0.0,"üòÇüé§ Hello, it's literally me... 
#HearHer https://t.co/7XMLDQMR3B",BBC
2018-06-22 12:03:05,0.0,0.0,1.0,0.0,Questions for a Sikh https://t.co/UhKZNiTRtC,BBC
2018-06-22 11:00:13,-0.34,0.156,0.844,0.0,"Why do only some people get blackout drunk?
üëâ https://t.co/4C8KOCcSsU https://t.co/8S8axGO0F5",BBC
2018-06-22 08:01:04,0.0,0.0,1.0,0.0,"In the aftermath of Hurricane Maria, Michelin-starred @chefjoseandres managed to feed more Puerto Ricans than any g‚Ä¶ https://t.co/SXJJG4hnMG",BBC
2018-06-22 07:28:05,0.6632,0.119,0.559,0.322,"'Always forgive your enemies; nothing annoys them so much.'

Oscar Wilde's best quotes.
üëâ https://t.co/4ldEknyrSW https://t.co/vr8KdzXP89",BBC
2018-06-22 07:00:04,0.0,0.0,1.0,0.0,"'I wax my face every 2 weeks and haven't been able to get pregnant, but I won't let polycystic ovary syndrome defin‚Ä¶ https://t.co/uyNbPpgeY7",BBC
2018-06-21 19:03:04,0.2732,0.2,0.595,0.205,"üòÇ That time @NoelFielding11 confronted some rowdy teens‚Ä¶
#LiveAtTheApollo https://t.co/tV9SB4r8Yz",BBC
2018-06-21 18:01:06,0.0,0.0,1.0,0.0,üì± Is social media impacting how we express ourselves?  https://t.co/nADRuAW49x,BBC
2018-06-21 16:42:25,0.3134,0.062,0.811,0.127,"RT @bbcthree: What it feels like when you don't want your baby. #HearHer
(turn on your sound) https://t.co/7ErzX8p7Ag",BBC
2018-06-21 16:01:04,0.5093,0.0,0.732,0.268,üòç The Scottish coast is incredible! https://t.co/pn2LdiZwdQ,BBC
2018-06-21 16:00:09,0.8074,0.0,0.687,0.313,"RT @BBCRadio4: Activist
Poet
Director
Actor
Writer...
...and inspiration
@Aardman Animations made a beautiful short film about Maya Angelou‚Ä¶",BBC
2018-06-21 13:02:34,-0.7506,0.314,0.686,0.0,"üíîü¶ç Koko the gorilla has sadly died, aged 46.

Here's the story of her life. https://t.co/rIRb7mHpJx",BBC
2018-06-21 12:28:30,0.0,0.0,1.0,0.0,"RT @BBCOne: In 1979, one surgeon was about to make NHS history by performing the UK's first heart transplant. https://t.co/HmUZBE5MLd",BBC
2018-06-21 12:25:47,0.0,0.0,1.0,0.0,"RT @bbcarts: Artistic Director at @royalcourt, @vicfeatherstone, has curated #Snatches - a series of provocative monologues, written and pe‚Ä¶",BBC
2018-06-21 12:01:06,0.7845,0.0,0.699,0.301,Tessa Sanderson was the first British woman to win an Olympic gold medal in the javelin. #HearHer https://t.co/Kqff1C4QSe,BBC
2018-06-21 11:01:04,0.0,0.0,1.0,0.0,"ü•ó What's behind the rise in veganism?
üëâ https://t.co/26dyqv3CWQ https://t.co/KZd2kBVkNW",BBC
2018-06-21 09:55:19,0.0,0.0,1.0,0.0,"‚ù§Ô∏èüë∂ New Zealand's Prime Minister Jacinda Ardern has given birth to a baby girl, making her only the second elected‚Ä¶ https://t.co/7LDkCupd1c",BBC
2018-06-21 09:13:56,0.5719,0.0,0.791,0.209,‚òÄÔ∏è Thousands of people have witnessed the sunrise at Stonehenge to celebrate the #SummerSolstice. https://t.co/f0PA5HYgRK,BBC
2018-06-21 08:01:01,-0.8979,0.442,0.558,0.0,"When a fire at a children's home in Guatemala killed dozens of teenage girls, it exposed a terrifying culture of ab‚Ä¶ https://t.co/saKLWSu1NT",BBC
2018-06-21 07:45:57,0.6114,0.0,0.846,0.154,"‚òÄÔ∏è Happy #SummerSolstice! 
Today has an average of 16h 39m of daylight in the UK - that's 8h 49m more than during t‚Ä¶ https://t.co/Vg1QFQNU0r",BBC
2018-06-21 07:27:03,-0.5106,0.218,0.69,0.092,"üê∏üëÄ Frogs trapped in amber for 99 million years are giving a glimpse of a lost world.
üëâ https://t.co/FP7lgt3bLE https://t.co/W6F1W0PCtI",BBC
2018-06-21 07:01:04,0.6369,0.0,0.656,0.344,üéßüê¶üé∂ Five glorious minutes of a Caribbean dawn chorus. https://t.co/9t1PVkC4Kn,BBC
2018-06-20 20:02:08,0.5994,0.0,0.754,0.246,üé£ @realbobmortimer and Paul Whitehouse share their personal and hilarious life experiences while travelling around‚Ä¶ https://t.co/NeZ1V04R74,BBC
2018-06-20 18:00:25,-0.4019,0.252,0.748,0.0,"üç∑ @Rihanna. Wine glass stealer extraordinaire.
#TheGNShow https://t.co/no25tcxHJj",BBC
2018-06-20 17:32:05,0.4939,0.136,0.593,0.271,"Discover Porthcawl Elvis Festival, the largest Elvis festival in the world... 

Mad About Elvis | 7:30pm | @BBCOne‚Ä¶ https://t.co/JBFFZhtPMD",BBC
2018-06-20 16:00:26,0.0,0.0,1.0,0.0,"Gaming addiction is listed as mental health condition for first time by @WHO.

How much is too much? https://t.co/hB16QHI6B8",BBC
2018-06-20 14:35:32,0.3182,0.0,0.905,0.095,"RT @bbcworldservice: How the promise of dance lessons can keep children in school. 
 
@SunkitYole is just one of the nominees for the Outlo‚Ä¶",BBC
2018-06-20 13:05:22,0.0,0.0,1.0,0.0,RT @bbcthesocial: Salih fled Syria and travelled all the way to Scotland. He designed a tattoo to illustrate his incredible journey üíô #Worl‚Ä¶,BBC
2018-06-20 13:02:04,0.5562,0.0,0.848,0.152,A baby boy who was born on a Paris commuter train has been given free rail travel until he is 25! üë∂üá´üá∑üéâ‚Ä¶ https://t.co/XeAeCBBjLj,BBC
2018-06-20 12:00:21,0.7579,0.0,0.764,0.236,"100 years after women won the right to vote, are we really any closer to true gender equality in 2018? @BBCArts ask‚Ä¶ https://t.co/qrc2yQ5WqF",BBC
2018-06-20 11:03:05,0.3626,0.0,0.871,0.129,"How to have a baby, debone a chicken, and other life-changing YouTube hacks.
Because life's a little easier with th‚Ä¶ https://t.co/2RC1zxgYb4",BBC
2018-06-20 10:31:58,0.7207,0.0,0.759,0.241,RT @BBC6MorningShow: #PeoplesPlaylist time - we've got a VERY important job for the @BBC6Music family c/o friend of this show Jo Milne (@jo‚Ä¶,BBC
2018-06-20 10:20:48,0.4767,0.0,0.86,0.14,üáØüáµ‚öΩÔ∏èüóë Japanese football fans have impressed the world by meticulously cleaning up their rows and seats in the stadi‚Ä¶ https://t.co/AGITQOknOI,BBC
2018-06-20 10:03:05,0.0,0.0,1.0,0.0,"RT @BBCWales: When Darren 'Graceland' Jones becomes #Elvis, he touches the lives of many others by evoking memories... 

üé§ Our Lives: #MadA‚Ä¶",BBC
2018-06-20 09:47:39,0.7154,0.0,0.715,0.285,"RT @bbcthree: Fatima lives in a refugee camp, but that's not stopping her will to succeed. #WorldRefugeeDay https://t.co/RnQJRDAY2y",BBC
2018-06-20 08:00:23,0.6369,0.0,0.682,0.318,"18 of the greatest moments in human civilisation.
#Civilisations https://t.co/naGsXLkC95",BBC
2018-06-20 07:25:01,0.4404,0.0,0.873,0.127,"ü§îüí≠ 'Jamais vu is the opposite of d√©j√† vu.'

Eight things you *probably* haven't heard before about that funny feeli‚Ä¶ https://t.co/SLnIksuK3u",BBC
2018-06-20 07:00:15,0.0,0.0,1.0,0.0,Who knew Quidditch was a sport? https://t.co/VvZzXkTubL,BBC
2018-06-19 19:03:08,0.128,0.165,0.613,0.222,"Follow Inside Justice as they investigate the cases of convicted murderers who claim to be innocent.

#Conviction |‚Ä¶ https://t.co/2FhNIkcgUH",BBC
2018-06-19 18:01:10,0.7351,0.0,0.772,0.228,"The squirrel family is one of the most widespread on earth, so what is the secret to their success? üêø

Natural Worl‚Ä¶ https://t.co/bWRqIik7Vw",BBC
2018-06-19 18:00:21,0.0,0.0,1.0,0.0,"Throwback to when #JodieWhittaker was revealed as the new Doctor in 2017. 

#HearHer @bbcdoctorwho https://t.co/Rm3uhZyyi1",BBC
2018-06-19 16:00:28,0.4215,0.0,0.859,0.141,"üêøüíö Billy was rescued at just 5 days old. 
Would you foster a baby red squirrel?

#SuperSquirrels | 8pm | @BBCTwo https://t.co/GIi8cAUz6R",BBC
2018-06-19 15:20:59,0.1511,0.0,0.933,0.067,"RT @cbbc: Want to cover @England's @hkane in #WorldCup stickers?! Download the CBBC Buzz app here üëâ https://t.co/dcRAwvWtxs

@BBCSport @BBC‚Ä¶",BBC
2018-06-19 15:02:04,0.0,0.0,1.0,0.0,"The Queen's granddaughter, Zara Tindall, has given birth to a baby girl. üë∂

https://t.co/LBMmlTU2Fq https://t.co/5E6W6MzXW8",BBC
2018-06-19 14:59:48,-0.7579,0.265,0.735,0.0,"RT @BBCOne: When a training exercise in Belize goes wrong, Captain James and Georgie find themselves in danger.

@michkeegan and @benaldrid‚Ä¶",BBC
2018-06-19 13:38:02,-0.5574,0.159,0.841,0.0,"The world's oldest known Sumatran orangutan has died in an Australian zoo aged 62, leaving behind 54 descendants.
üëâ‚Ä¶ https://t.co/ot0RvvMGaY",BBC
2018-06-19 12:59:03,-0.0772,0.124,0.766,0.11,"Meet the England football fan who has been to every World Cup since Mexico '86 ‚öΩÔ∏è

https://t.co/z3ZSmB0IWH https://t.co/Ei6hN1wk9Q",BBC
2018-06-19 12:02:05,-0.3736,0.131,0.869,0.0,"It is an omelette? Is it a beef slice? No, it's @Rihanna's dress at the Met Gala.
#TheGNShow https://t.co/HjWmICH6zV",BBC
2018-06-19 11:00:20,0.5994,0.141,0.55,0.309,"'Hope for the best, be prepared for the worst and expect nothing.'

10 incredible #MayaAngelou quotes to live your‚Ä¶ https://t.co/qzG9hDHZJj",BBC
2018-06-19 10:26:08,-0.34,0.146,0.854,0.0,‚úàÔ∏è Electric plane takes to the skies as Norway bids to combat climate change. https://t.co/wrjHlVhAZJ,BBC
2018-06-19 09:55:13,0.6114,0.0,0.862,0.138,"RT @BBC_Teach: BBC Bitesize is 20 üôåüéâ !
To celebrate, tell us your Bitesize story. Did you use Bitesize to pass your exams? Do you use Bites‚Ä¶",BBC
2018-06-19 09:53:59,0.0516,0.14,0.682,0.179,RT @TWBBC: Should we bring the woolly mammoth back from the dead? Or should we use the same technology to better protect endangered species‚Ä¶,BBC
2018-06-19 09:47:43,0.7717,0.0,0.835,0.165,"RT @BBCSport: ‚úÖ 18.3 million on @BBCOne 
‚úÖ 3 million online streams
‚úÖ More viewers than the royal wedding
‚úÖ England win

Thanks for joining‚Ä¶",BBC
2018-06-19 08:00:15,0.0,0.0,1.0,0.0,"Faced with extreme weather, Bolivian farmers are going underground. #BBCTakingTheTemperature https://t.co/ocATWI0jPL",BBC
2018-06-19 07:27:05,-0.3182,0.126,0.874,0.0,"Antarctica has lost three trillion tonnes of ice in 25 years.
üëâ https://t.co/lzm3BAGQRi https://t.co/ryqk634l6a",BBC
2018-06-19 07:00:16,-0.3716,0.233,0.631,0.136,They survived the Ice Age but today saiga antelopes are struggling. https://t.co/IPU5smfklg,BBC
2018-06-18 20:58:38,-0.5267,0.175,0.825,0.0,"RT @BBCOne: This. Will. Hurt.

@IdrisElba returns as the inimitable DCI #Luther. Coming soon to @BBCOne. https://t.co/FO9GM9yurk",BBC
2018-06-18 20:02:04,0.7845,0.054,0.661,0.284,"Monologues inspired by women who have spoken out, challenged the status quo or made a stand - often at great person‚Ä¶ https://t.co/kkpLMaYB7X",BBC
2018-06-18 18:02:04,0.5423,0.0,0.69,0.31,"üéß‚ù§Ô∏è Casey dreams of one day playing in Ibiza. 
(via @BBCThree) https://t.co/sxEqTuiekr",BBC
2018-06-22 21:19:06,0.1867,0.0,0.902,0.098,Tonight's the night! Don't miss model @ashleygraham on the season finale of Celebrity @undercover_cbs at 8/7c. https://t.co/iBxAOcOF7a,CBS
2018-06-22 18:33:53,0.4199,0.0,0.811,0.189,"Every day is #TakeYourDogToWorkDay for shows like @HawaiiFive0CBS, @MomCBS, @SEALTeamCBS, and @bigbangtheory! https://t.co/DJaOt1VQcw",CBS
2018-06-21 23:29:50,0.4926,0.0,0.803,0.197,"Lights, camera, selfie! üì∏¬†Could there be a better photo for #NationalSelfieDay? https://t.co/14Ewx64yKC",CBS
2018-06-20 00:39:01,0.3555,0.122,0.68,0.199,There‚Äôs nothing quite like watching a contestant win a brand new car on @PriceIsRight. üëè  https://t.co/aKlFikYAMM,CBS
2018-06-18 20:27:50,0.0,0.0,1.0,0.0,Time to make your predictions for #BB20! üëè Get to know the @CBSBigBrother Houseguests before the big premiere next‚Ä¶ https://t.co/jlpIchJ9sk,CBS
2018-06-18 15:00:46,0.0,0.0,1.0,0.0,RT @CBSBigBrother: Meet the cast of #BB20... before anyone else! Start streaming all their live interviews beginning at 11am EST/8am PST on‚Ä¶,CBS
2018-06-17 13:00:01,0.9392,0.0,0.507,0.493,"Today and every day we celebrate their love, guidance, and support. Happy #FathersDay to every kind of dad! https://t.co/Wffax1khBH",CBS
2018-06-15 18:48:29,0.3595,0.0,0.872,0.128,"Casting Alert! @paulwesley, @DaniaJRamirez &amp; @JamesWolk are set to star in the upcoming CBS All Access psychologica‚Ä¶ https://t.co/JnZMrzT92n",CBS
2018-06-14 17:30:00,-0.296,0.167,0.833,0.0,"In case you missed it, watch the entire #TonyAwards now: https://t.co/Bm0yNV3Ff3 https://t.co/h3YnFkmSQJ",CBS
2018-06-14 16:19:32,0.1779,0.12,0.734,0.147,RT @StrangeAngel: Mastermind or maniac? Explore the brilliant mind of Jack Parsons in #StrangeAngel. Now streaming on CBS All Access: https‚Ä¶,CBS
2018-06-12 00:19:23,-0.5562,0.315,0.551,0.134,"No pain, no gain, ALL Hart! Just one month until the premiere of @TKOCBS hosted by @KevinHart4real. https://t.co/C1yMCglxVn",CBS
2018-06-11 22:23:06,0.5093,0.0,0.829,0.171,"RT @TheNeighborhood: Welcome to #TheNeighborhood, @BethBehrs! The @2BrokeGirls star returns to @CBS in a new sitcom alongside @CedEntertain‚Ä¶",CBS
2018-06-11 19:01:38,-0.296,0.167,0.833,0.0,"In case you missed it, watch the entire #TonyAwards now: https://t.co/Bm0yNV3Ff3 https://t.co/3GA5otlcPa",CBS
2018-06-11 14:00:37,0.0,0.0,1.0,0.0,How do you know @SaraBareilles and @joshgroban's music? #TonyAwards https://t.co/POMXBORfUT,CBS
2018-06-11 06:19:36,0.0,0.0,1.0,0.0,Here are all the performances from the 2018 #TonyAwards: https://t.co/gN4ItpFlRd https://t.co/fSMNBXKC9r,CBS
2018-06-11 06:04:41,0.4767,0.0,0.78,0.22,See the complete list of winners from the 2018 #TonyAwards: https://t.co/9XK6CGeber https://t.co/HkUIN4Quej,CBS
2018-06-11 03:10:33,0.8478,0.0,0.594,0.406,An end to a magical evening. The Band's Visit wins for Best Musical! #TonyAwards https://t.co/ODza97n8YH,CBS
2018-06-11 03:02:06,0.92,0.0,0.537,0.463,Congratulations are in order for @TheKatrinaLenk! She just won for Best Leading Actress in a Musical. #TonyAwards https://t.co/t9bNvpiEmH,CBS
2018-06-11 02:58:30,0.4404,0.088,0.737,0.175,"RT @CBSThisMorning: Hmm... something seems off here @SaraBareilles @JoshGroban. üòÇ

@WaitressMusical @GreatCometBway #TonyAwards https://t.c‚Ä¶",CBS
2018-06-11 02:56:40,0.4404,0.0,0.847,0.153,RT @_stobin13: watching the #TonyAwards after going to 3 broadway shows this weekend makes it even better üòçü§©,CBS
2018-06-11 02:56:10,0.836,0.0,0.533,0.467,Tony Shalhoub wins Best Leading Actor in a Musical. #TonyAwards   #TheBandsVisit https://t.co/KcUDSicKI5,CBS
2018-06-11 02:53:00,0.0,0.0,1.0,0.0,The Boss looks right at home on the #TonyAwards stage! https://t.co/pwjv4iydkn,CBS
2018-06-11 02:47:29,0.6369,0.0,0.682,0.318,RT @Aatamianphoto: Springsteen is on the #TonyAwards and I love it.,CBS
2018-06-11 02:44:50,0.7978,0.0,0.457,0.543,Inspiration: Get to your YES! #OnceOnThisIsland #TonyAwards https://t.co/Wjp0QIWfXq,CBS
2018-06-11 02:44:37,0.9523,0.0,0.484,0.516,The feeling when you win a Tony. üôå¬†Congratulations to Once on This Island for winning Best Revival of a Musical!‚Ä¶ https://t.co/UpFCqgBTwh,CBS
2018-06-11 02:33:09,0.5994,0.0,0.698,0.302,What a beautiful performance by the cast of #TheBandsVisit. #TonyAwards https://t.co/4Hw96kZvrf,CBS
2018-06-11 02:29:18,0.4215,0.0,0.877,0.123,"""I'm a living example of how theatre can change you - and it didn't just change me, it saved me."" @JohnLeguizamo at‚Ä¶ https://t.co/4ICwMhb6hv",CBS
2018-06-11 02:23:56,0.8932,0.0,0.483,0.517,Angels in America takes the win for Best Revival of a Play! #TonyAwards https://t.co/zodW61tw8a,CBS
2018-06-11 02:21:03,0.0,0.0,1.0,0.0,"RT @leahableson: The Once On This Island Goat And Chicken made it to the broadcast, Mama WILL provide #TonyAwards",CBS
2018-06-11 02:16:06,0.0,0.0,1.0,0.0,That performance was the GOAT. #TonyAwards https://t.co/mtoU92HipQ,CBS
2018-06-11 02:11:03,0.8908,0.0,0.509,0.491,Harry Potter and the Cursed Child wins Best Play at the #TonyAwards! @HPPlayNYC https://t.co/WIqJQmtAlN,CBS
2018-06-11 02:05:47,0.0,0.0,1.0,0.0,üé∂ ‚ÄúLet's dance this last dance tonight.‚Äù üé∂ #TonyAwards #DonnaSummerMusical https://t.co/UAIaglChfv,CBS
2018-06-11 02:03:31,0.4926,0.0,0.738,0.262,Hope he brought enough birthday cake for everyone! #TonyAwards https://t.co/FlLbKV6oj8,CBS
2018-06-11 01:58:48,0.5093,0.0,0.477,0.523,@writerlindsayb You're welcome! #TonyAwards,CBS
2018-06-11 01:53:17,0.7579,0.0,0.519,0.481,RT @hjmayer8: I sure do love @DearEvanHansen üíô #TonyAwards,CBS
2018-06-11 01:51:16,0.6467,0.0,0.752,0.248,"RT @Valerie4815: What a birthday present, the Tony audience singing happy birthday to you!! #TonyAwards",CBS
2018-06-11 01:38:23,0.0,0.0,1.0,0.0,If only this performance could go on forever. #TonyAwards @FrozenBroadway https://t.co/p2BMUvyTxr,CBS
2018-06-11 01:37:36,0.636,0.0,0.724,0.276,RT @anna_villanueva: Magnificent performance from the cast of @FrozenBroadway! #TonyAwards2018 #TonyAwards #Tonys,CBS
2018-06-11 01:30:56,0.8834,0.0,0.437,0.563,Glenda Jackson wins Best Leading Actress in a Play. #TonyAwards @threetallwomen https://t.co/GRp1gcBuiW,CBS
2018-06-11 01:29:21,0.0,0.0,1.0,0.0,.@SaraBareilles is totally a Gryffindor. #TonyAwards https://t.co/OPQ7esk2dn,CBS
2018-06-11 01:26:03,0.7351,0.079,0.625,0.296,RT @IzzyNY202: How impressive are these Marjory Stoneman Douglas students? That #TonyAwards performance reduced me to tears. Amazing.,CBS
2018-06-11 01:25:59,0.0,0.0,1.0,0.0,RT @KatLargent: MAGIC #TonyAwards,CBS
2018-06-11 01:24:46,0.0,0.0,1.0,0.0,Such a touching moment at the #TonyAwards. ‚ù§Ô∏è https://t.co/4kJWTHVPZ8,CBS
2018-06-11 01:24:12,0.4019,0.0,0.838,0.162,.@Matt_Morrison welcomes the Marjory Stoneman Douglas High School theatre department to the stage. #TonyAwards https://t.co/5dxa9smeka,CBS
2018-06-11 01:19:59,0.9151,0.0,0.543,0.457,So many feels at the #TonyAwards. Congratulations to @arielstachel for winning Best Featured Actor in a Musical!‚Ä¶ https://t.co/m1aRNIHPRK,CBS
2018-06-11 01:12:31,0.6369,0.0,0.625,0.375,RT @McBenefit: I love everything about you @UzoAduba. #TonyAwards,CBS
2018-06-11 01:08:28,0.1511,0.0,0.898,0.102,RT if that musical number by the cast of Carousel blew you away! #TonyAwards https://t.co/CMzMNtcAQO,CBS
2018-06-11 01:08:24,0.1531,0.0,0.852,0.148,Nathan Lane saw his #AngelsinAmerica role as a challenge. How will you challenge yourself in 2018? #TonyAwards https://t.co/3WXd6AqgBi,CBS
2018-06-11 01:02:47,0.8834,0.0,0.437,0.563,Nathan Lane wins Best Featured Actor in a Play. #TonyAwards @angelsbway https://t.co/xc8M7JtLDE,CBS
2018-06-11 00:58:06,0.0,0.0,1.0,0.0,üåü¬†@joshgroban and @SaraBareilles are Host Goals. üåü #TonyAwards https://t.co/OGQec8cXJ6,CBS
2018-06-11 00:52:34,0.2714,0.0,0.793,0.207,RT @adub369: This is unbelievable! @SaraBareilles and @joshgroban #TonyAwards,CBS
2018-06-11 00:51:11,0.0,0.0,1.0,0.0,Who lives in a pineapple and just performed at The Tonys? üççüé∂ The cast of SpongeBob SquarePants: The Musical!‚Ä¶ https://t.co/mvFxdh9UJi,CBS
2018-06-11 00:50:18,0.8883,0.0,0.433,0.567,‚ú® @LindsayMendez wins Best Featured Actress in a Musical! #TonyAwards @carouselbway https://t.co/MtgFowscN5,CBS
2018-06-11 00:45:14,0.9134,0.0,0.387,0.613,A big congratulations to @springsteen for his Special Tony award! ‚ú®¬†#TonyAwards https://t.co/i16u8uv9aT,CBS
2018-06-11 00:44:36,0.0,0.0,1.0,0.0,Can the 73rd annual #TonyAwards just be three-hours of @TitussBurgess? https://t.co/3rCZwwTUtv,CBS
2018-06-11 00:35:41,0.25,0.0,0.92,0.08,"RT @CBSThisMorning: ""We know there are a lot of you out there who have photos of yourself in school plays or community theater."" Post your‚Ä¶",CBS
2018-06-11 00:34:45,0.4588,0.0,0.85,0.15,Keep your acceptance speeches short or else the #TonyAwards will get the angels involved. #AngelsInAmerica üëº https://t.co/oznhezRzDc,CBS
2018-06-11 00:31:28,0.0,0.0,1.0,0.0,"If you haven't started singing, you will be the rest of the night. #TonyAwards #MyFairLady https://t.co/jbGXwnru8N",CBS
2018-06-11 00:27:42,0.3612,0.0,0.737,0.263,RT @marialena_rago: I like this opener for @MyFairLadyBway #TonyAwards,CBS
2018-06-11 00:27:00,0.8908,0.0,0.43,0.57,Laurie Metcalf wins Best Featured Actress in a Play! #TonyAwards @threetallwomen https://t.co/y4teyJaRPs,CBS
2018-06-11 00:24:31,0.0,0.0,1.0,0.0,Tina Fey has a boat?? #MeanGirls #TonyAwards https://t.co/phYxmHMd3d,CBS
2018-06-11 00:22:15,0.0,0.0,1.0,0.0,Representing the hardest-working men and women in Broadway‚Ä¶¬†ensemble members from every nominated musical tonight!‚Ä¶ https://t.co/imlEEnOUla,CBS
2018-06-11 00:22:15,0.6369,0.0,0.588,0.412,RT @misschae: I love theatre so much. #TonyAwards,CBS
2018-06-11 00:18:16,0.0,0.0,1.0,0.0,On Wednesdays they wear pink and on Sundays they perform at the #TonyAwards. üíï Who thought that performance by the‚Ä¶ https://t.co/w7QDkaX6kF,CBS
2018-06-11 00:13:27,0.6369,0.0,0.756,0.244,"RT @MichaelJMoritz: ""We are all made perfectly and we all belong‚Äù - Andrew Garfield #TonyAwards",CBS
2018-06-11 00:12:31,0.8834,0.0,0.437,0.563,Andrew Garfield wins Best Leading Actor in a Play. #TonyAwards @angelsbway https://t.co/s2VQnw6IPP,CBS
2018-06-11 00:06:39,0.6696,0.0,0.64,0.36,"RT @nightingalen: Love this opening song! @joshgroban
@SaraBarreilles 
#TonyAwards",CBS
2018-06-11 00:04:15,0.3182,0.0,0.85,0.15,‚ú® @joshgroban and @SaraBareilles take the stage to begin an unforgettable evening. #TonyAwards https://t.co/y9uzlK2DzO,CBS
2018-06-10 23:59:00,0.0,0.0,1.0,0.0,Grab your popcorn... it's time for the #TonyAwards! Go and stream the entire show now: https://t.co/Wo1algQHix https://t.co/JGYTk4NPDN,CBS
2018-06-10 23:18:15,0.4374,0.0,0.855,0.145,‚ú® @thegoodfight's Christine Baranski has arrived on the #TonyAwards red carpet! Watch LIVE at 8/7c on CBS! https://t.co/XnXAnPtRrc,CBS
2018-06-10 22:01:25,0.0,0.0,1.0,0.0,"The hosts have arrived! We're LIVE with @SaraBareilles, @joshgroban and more on the #TonyAwards red carpet hosted b‚Ä¶ https://t.co/NtarbgywLe",CBS
2018-06-10 15:00:01,0.4184,0.0,0.843,0.157,Tonight's the night! Join @etnow's @DDirecto on the #TonyAwards' red carpet starting at 5PM ET! https://t.co/hZLOSiIRAT,CBS
2018-06-09 21:00:02,0.68,0.0,0.763,0.237,These two know a thing or two about awards! Watch them light up the stage tomorrow at the #TonyAwards. ‚ú® https://t.co/KHVZp65oLS,CBS
2018-06-09 16:00:00,0.0,0.0,1.0,0.0,Here's everything you need to know before watching the #TonyAwards this Sunday at 8/7c: https://t.co/jcRgNGmLUZ https://t.co/8suUhVPFK6,CBS
2018-06-08 19:46:17,0.296,0.0,0.82,0.18,Join @etnow's @DDirecto this Sunday on the #TonyAwards' red carpet. https://t.co/7jS8g10KmY,CBS
2018-06-08 15:00:03,0.0,0.0,1.0,0.0,Here's @laChanze with a reminder that you can stream the #TonyAwards this Sunday on CBS All Access! https://t.co/8TDEXzKmyQ,CBS
2018-06-08 13:58:15,0.9078,0.0,0.564,0.436,"We all get by with a little help from our friends, so what better way to celebrate #NationalBestFriendsDay than to‚Ä¶ https://t.co/pIZezbBwaT",CBS
2018-06-07 17:03:26,0.3612,0.0,0.872,0.128,"Get ready for show-stopping performances by the casts of the 2018 Tony-nominated shows Mean Girls, SpongeBob Square‚Ä¶ https://t.co/NiSx9Bbw0F",CBS
2018-06-06 21:00:24,0.2732,0.105,0.719,0.176,Don‚Äôt miss a special performance from @springsteen this Sunday at the #TonyAwards: https://t.co/LYYdleaFwU https://t.co/IKkKoITH9y,CBS
2018-06-06 00:08:30,0.3595,0.0,0.872,0.128,"RT @CBSThisMorning: .@SaraBareilles and @joshgroban are hosting this Sunday's @TheTonyAwards on @CBS! 

Wednesday, they'll join us LIVE on‚Ä¶",CBS
2018-06-05 22:23:35,-0.4404,0.177,0.723,0.1,"RT @SU2C: SU2C telecast Co-Executive Producer Bradley Cooper sits down with Mitch Carbon, a pediatric cancer survivor who benefited from #S‚Ä¶",CBS
2018-06-05 22:12:28,0.4574,0.0,0.824,0.176,RT @StrangeAngel: About last night... The #StrangeAngel screening party was a blast! Pun intended. üöÄüòè https://t.co/m64EcNmweY,CBS
2018-06-05 19:00:02,0.5093,0.0,0.845,0.155,These CBS stars can really belt it out! Find out which celebs from your favorite shows are pitch-perfect:‚Ä¶ https://t.co/X4zMACFazB,CBS
2018-06-05 15:04:41,0.0,0.0,1.0,0.0,"More stars are set to appear at the #TonyAwards, including @billyjoel, @amyschumer, and @katharinemcphee. See who e‚Ä¶ https://t.co/lPUocBcn9t",CBS
2018-06-04 17:00:00,0.0,0.0,1.0,0.0,"The #TonyAwards are just days away, and @joshgroban and @SaraBareilles will bring all they've got to Broadway's Big‚Ä¶ https://t.co/eKkWn6ClSq",CBS
2018-06-01 17:39:17,-0.3903,0.131,0.807,0.062,"Call us old-fashioned, but we donut want you missing out on #NationalDonutDay! Here are a few treats from us to you‚Ä¶ https://t.co/HpzN8bQ3SO",CBS
2018-06-01 17:00:03,0.8442,0.0,0.664,0.336,Remember @Lin_Manuel‚Äôs beautiful sonnet from the 70th Annual Tony Awards¬Æ? Relive some of the greatest moments in‚Ä¶ https://t.co/IZjeQLd58C,CBS
2018-05-31 23:50:00,0.8932,0.0,0.545,0.455,"Good friends @joshgroban and @SaraBareilles are hosting the #TonyAwards together? Well, this is bound to be fun! https://t.co/26Vgzp0s2e",CBS
2018-05-30 15:07:34,0.4926,0.0,0.849,0.151,"The #TonyAwards just got even better because @UzoAduba, @MattBomer, and more stars will be presenting live! Find ou‚Ä¶ https://t.co/hfFBtWo1T9",CBS
2018-05-28 21:00:01,0.0,0.0,1.0,0.0,"Mark your calendars. @SalvationCBS returns Monday, June 25 at 9/8c! ‚òÑÔ∏è https://t.co/N9pYuhYLRF",CBS
2018-05-28 02:08:19,0.0,0.0,1.0,0.0,RT @thegoodfight: All episodes of season 2 are now available. Stream #TheGoodFight on CBS All Access: https://t.co/k3tn8kR9KC https://t.co/‚Ä¶,CBS
2018-05-23 23:07:38,0.6239,0.0,0.797,0.203,Get the popcorn ready! üçø  It's going to be an unforgettable @survivorcbs finale. Make sure to tune in TONIGHT at 8/‚Ä¶ https://t.co/vp0JyqfXMQ,CBS
2018-05-23 19:02:43,0.5859,0.0,0.826,0.174,"RT @StrangeAngel: Every brilliant mind has a dark side. #StrangeAngel launches June 14, only on CBS All Access. https://t.co/y0MZg1BzEB htt‚Ä¶",CBS
2018-05-22 23:19:40,0.1139,0.0,0.917,0.083,Prepare yourself. The @NCIS_CBS season finale is unlike any other. Don't miss it TONIGHT at 8/7c. https://t.co/MOH6uiFc0C,CBS
2018-05-22 20:02:22,0.0,0.0,1.0,0.0,"Summer heats up with @CBSBigBrother, @SalvationCBS, and the brand-new competition series @TKOCBS. Find out when you‚Ä¶ https://t.co/DxE7OnKs17",CBS
2018-05-21 23:00:01,0.0,0.0,1.0,0.0,Who‚Äôs going to be watching the season finale of @ManWithAPlan tonight? RT if you'll be tuning in at 8:30/7:30c! https://t.co/ARLRtVuGuc,CBS
2018-05-20 20:00:00,0.3382,0.061,0.808,0.131,The season finale of @MadamSecretary will leave you speechless! Make sure to tune in tonight at 10/9c. https://t.co/hqxkLZsWpl,CBS
2018-05-20 17:00:01,0.1867,0.0,0.92,0.08,The @NCISLA season finale is going to be a wild ride. Don't miss all of the action starting TONIGHT at 8/7c! https://t.co/PNtUuVf9VQ,CBS
2018-05-19 08:00:01,0.4199,0.0,0.715,0.285,Retweet if you're ready for the #RoyalWedding! https://t.co/k57NM7OrXn,CBS
2018-05-18 21:00:01,0.0,0.0,1.0,0.0,It's going down (literally) on the Season Finale of @HawaiiFive0CBS when a submarine appears off the coast of Waiki‚Ä¶ https://t.co/oD7Le5XUz6,CBS
2018-06-24 23:15:53,-0.6705,0.209,0.791,0.0,"Actress Glenn Close, joined by her sister Jessie, talks to @AndersonCooper about Jessie's suicide attempts and how‚Ä¶ https://t.co/dU5q0RplfM",CNN
2018-06-24 23:00:18,0.0,0.0,1.0,0.0,Every single person in charge of law and order in this Georgia town is a black woman https://t.co/fkQvdWFMJ1 https://t.co/3rvP1ka6rS,CNN
2018-06-24 22:42:02,-0.1531,0.096,0.904,0.0,Border patrol agents are stopping people on highways in New England to check their citizenship‚Ä¶ https://t.co/dC3vpcFQiL,CNN
2018-06-24 22:24:40,0.0,0.0,1.0,0.0,"Amid the furor over the policy that resulted in thousands of families separated at the border, Department of Homela‚Ä¶ https://t.co/b4x3boVNGf",CNN
2018-06-24 22:00:04,-0.5994,0.234,0.766,0.0,"This detained mom has no idea where her son is, so she wrote a letter to him
https://t.co/Upbj2XLYzt https://t.co/zxc1B6vSeM",CNN
2018-06-24 21:43:36,0.2023,0.121,0.714,0.165,"Teenage boy reported missing from a Texas facility that cares for migrants, police say https://t.co/xcYzobQG85 https://t.co/eSNfegPu5q",CNN
2018-06-24 21:37:00,0.0,0.0,1.0,0.0,"Turkish President Recep Tayyip Erdogan has declared victory in Turkey‚Äôs presidential elections, but he says the res‚Ä¶ https://t.co/iaE80GhP1V",CNN
2018-06-24 21:25:04,-0.5267,0.167,0.833,0.0,Mo Salah is considering quitting the Egyptian national team due to unhappiness over his #WorldCup Chechnya controve‚Ä¶ https://t.co/qG0b9xop9B,CNN
2018-06-24 21:24:34,-0.5106,0.163,0.837,0.0,"""It's a disturbing picture. There are children by themselves. They're all on concrete floors in cages... there's ju‚Ä¶ https://t.co/11HhW3gpI0",CNN
2018-06-24 21:01:36,-0.34,0.13,0.87,0.0,Linkin Park singer Chester Bennington's widow Talinda tells @AndersonCooper that there were warning signs before he‚Ä¶ https://t.co/HjGTvTE356,CNN
2018-06-24 20:59:06,0.0,0.0,1.0,0.0,Jurassic World sequel crosses $700 million at the global box office https://t.co/GZjKPlKaOC https://t.co/v18Wbmo6es,CNN
2018-06-24 20:40:39,-0.25,0.091,0.909,0.0,"Lena Dunham, Sia, Amber Heard and other stars visited the border city of Tornillo, Texas, to protest the Trump admi‚Ä¶ https://t.co/Q3H6TyZaMp",CNN
2018-06-24 20:13:06,0.0,0.0,1.0,0.0,"Turkish President Recep Tayyip Erdogan has declared victory in Turkey‚Äôs presidential elections, but he says the res‚Ä¶ https://t.co/xh1Kyy08XL",CNN
2018-06-24 20:00:01,0.0,0.0,1.0,0.0,"""We've been waiting for this moment for such a long time, and now finally it's here!"" Saudi women tell @CNN how the‚Ä¶ https://t.co/0Hr1CZDMOK",CNN
2018-06-24 19:52:22,0.0,0.0,1.0,0.0,Erdogan declares victory in Turkish election https://t.co/IZzVbR5QOH https://t.co/Yf386oP3FW,CNN
2018-06-24 19:42:11,0.0,0.0,1.0,0.0,Two San Diego Police officers were shot after they breached an apartment that smelled of smoke on Saturday night‚Ä¶ https://t.co/TxpF9IDYsy,CNN
2018-06-24 19:01:26,-0.9217,0.484,0.516,0.0,"Jane Clementi, whose 18-year-old son, Tyler Clementi, died by suicide after being bullied online, tells‚Ä¶ https://t.co/PoXSQWbr3n",CNN
2018-06-24 18:54:05,0.7184,0.0,0.731,0.269,"""Quit trying to make us feel teary-eyed for the children. Yes, I love children a great deal, but to me, it's up to‚Ä¶ https://t.co/lmpTK1cigE",CNN
2018-06-24 18:40:04,0.0,0.0,1.0,0.0,"Otzi, a 5,300-year-old glacier mummy found in the Italian Alps, is older than the Giza pyramids and Stonehenge. The‚Ä¶ https://t.co/p9hIsIR3PM",CNN
2018-06-24 18:27:05,0.0,0.0,1.0,0.0,"New Zealand Prime Minister Jacinda Ardern revealed the name of her baby girl, Neve. Ardern is the first world leade‚Ä¶ https://t.co/UJ6luDgAG7",CNN
2018-06-24 18:14:04,0.0,0.0,1.0,0.0,Preliminary results in Turkey's snap elections show President Recep Tayyip Erdogan in the lead over his nearest riv‚Ä¶ https://t.co/MrwofWRIYL,CNN
2018-06-24 18:04:49,0.5859,0.0,0.759,0.241,England record biggest ever #WorldCup win after putting six goals past Panama https://t.co/7mKw5AYwMC,CNN
2018-06-24 17:49:40,-0.6249,0.221,0.779,0.0,"At least five people were injured when an explosion, followed by a fire, tore through an apartment building in Germ‚Ä¶ https://t.co/h8jALtiBr0",CNN
2018-06-24 17:36:08,0.3818,0.0,0.88,0.12,Late Japan equalizer from Keisuke Honda stalls Senegal's surge toward the last-16 of the World Cup to ensure Group‚Ä¶ https://t.co/d7U98CLtMv,CNN
2018-06-24 17:23:08,0.0,0.126,0.748,0.126,This teenager volunteered her skills in sign language to help a blind and deaf man on a cross-country flight https://t.co/lGQN2xAqYD,CNN
2018-06-24 17:11:04,-0.0516,0.189,0.632,0.179,"""We have been encouraging illegal immigration,"" says Wisconsin GOP Sen. Ron Johnson https://t.co/aykSJGyRQd https://t.co/M0I1EIe7LG",CNN
2018-06-24 17:00:04,0.0,0.0,1.0,0.0,Two San Diego Police officers were shot after they breached an apartment that smelled of smoke on Saturday night‚Ä¶ https://t.co/o6cB4N2UTd,CNN
2018-06-24 16:45:10,0.0,0.0,1.0,0.0,Preliminary results in Turkey's snap elections show President Recep Tayyip Erdogan in the lead over his nearest riv‚Ä¶ https://t.co/SmXwbmzBCv,CNN
2018-06-24 16:34:03,0.0,0.0,1.0,0.0,"Almost 350 migrants are stranded on two boats in the Mediterranean, including a Danish cargo ship, as a standoff be‚Ä¶ https://t.co/LVV7sxmR6L",CNN
2018-06-24 16:22:06,0.0,0.0,1.0,0.0,The Trump administration is releasing its plan for putting back together the thousands of families it separated at‚Ä¶ https://t.co/rYcluUlagk,CNN
2018-06-24 16:11:06,-0.8158,0.282,0.718,0.0,At least two people were killed and more than 100 injured in an explosion Saturday at a rally attended by Ethiopian‚Ä¶ https://t.co/HHd8ABYtIz,CNN
2018-06-24 16:00:09,-0.296,0.095,0.905,0.0,Prince William arrived in Jordan on the first stop of a five-day Middle East tour that will also take him to Israel‚Ä¶ https://t.co/dJf3LsSkeP,CNN
2018-06-24 15:49:04,-0.8807,0.375,0.625,0.0,"The U.S. Navy announced Saturday the death of Lt. Christopher Carey Short, a pilot who died in a plane crash during‚Ä¶ https://t.co/NerrjVcbH3",CNN
2018-06-24 15:38:16,-0.6249,0.221,0.779,0.0,"At least five people were injured when an explosion, followed by a fire, tore through an apartment building in Germ‚Ä¶ https://t.co/pLCcY2Tfbp",CNN
2018-06-24 15:25:18,0.0,0.0,1.0,0.0,Jurassic World sequel crosses $700 million at the global box office https://t.co/IlBYCnKzHy https://t.co/BzWEZ1agSv,CNN
2018-06-24 15:12:05,0.0,0.0,1.0,0.0,England qualified for the last 16 of the World Cup with a thumping 6-1 victory over Panama Sunday in a sweltering N‚Ä¶ https://t.co/1JGu5AXkWH,CNN
2018-06-24 14:20:49,-0.5267,0.167,0.833,0.0,Mo Salah is considering quitting the Egyptian national team due to unhappiness over his #WorldCup Chechnya controve‚Ä¶ https://t.co/M0kxmAJXl0,CNN
2018-06-24 14:15:06,0.7334,0.0,0.721,0.279,Are Canadians really as nice as most Americans think they are? @WKamauell talks to proud Canadian @therealrussellp‚Ä¶ https://t.co/U0yeOqBxgK,CNN
2018-06-24 14:05:25,0.5859,0.0,0.759,0.241,England record biggest ever #WorldCup win after putting six goals past Panama https://t.co/pRTqvMtIcm,CNN
2018-06-24 14:00:12,-0.8176,0.319,0.681,0.0,"""Thirty years after my brother's death, I still ask why"": @AndersonCooper remembers his brother, Carter, who died b‚Ä¶ https://t.co/h93UYhWxo1",CNN
2018-06-24 13:48:26,-0.3612,0.122,0.878,0.0,Democratic Rep. Barbara Lee of California describes her visit to detention facilities on the US-Mexico border and s‚Ä¶ https://t.co/nmsKObhh3K,CNN
2018-06-24 13:31:10,0.6597,0.0,0.779,0.221,"Sen. Bernie Sanders: President Trump needs to ""make it clear that the United States of America is not a nation whic‚Ä¶ https://t.co/DZH2lkQ1p6",CNN
2018-06-24 13:30:14,0.0,0.0,1.0,0.0,"Democratic Sen. Jeff Merkley is ""exploring the possibility"" of throwing his hat in the ring in the 2020 presidentia‚Ä¶ https://t.co/cUN7NCn4gg",CNN
2018-06-24 13:12:09,0.34,0.0,0.893,0.107,Sen. Ron Johnson says the most recent information he has from the Department of Homeland Security is that ‚Äúabout 21‚Ä¶ https://t.co/8FvQPMeViz,CNN
2018-06-24 13:00:18,-0.34,0.112,0.888,0.0,"American Outdoor Brands, the gun maker that owns the iconic Smith &amp; Wesson line of firearms, reported plunging sale‚Ä¶ https://t.co/x3lGJgBThv",CNN
2018-06-24 12:31:03,0.0,0.126,0.748,0.126,This teenager volunteered her skills in sign language to help a blind and deaf man on a cross-country flight https://t.co/HDoL65TKwO,CNN
2018-06-24 12:30:17,0.0,0.0,1.0,0.0,"Former Trump campaign manager Corey Lewandowski has been dropped by his speakers bureau after saying ""womp womp"" re‚Ä¶ https://t.co/608JmBtvS9",CNN
2018-06-24 12:12:06,0.0,0.0,1.0,0.0,"New Zealand Prime Minister Jacinda Ardern and her partner Clarke Gayford have revealed the name of their baby girl,‚Ä¶ https://t.co/SrBM771oZg",CNN
2018-06-24 12:00:17,-0.5574,0.175,0.825,0.0,"A Chicago teen, shot in the head, was covered with a sheet by paramedics. He died nearly a day later.‚Ä¶ https://t.co/ZRyOiHPkQX",CNN
2018-06-24 11:45:04,0.128,0.0,0.87,0.13,Recreational marijuana use will soon be legal in Canada https://t.co/UNVKKJZDuP https://t.co/eTODylDScV,CNN
2018-06-24 11:31:00,0.0,0.0,1.0,0.0,"In the constellation of Sagittarius, three infant planets have been found orbiting a young star 330 light-years fro‚Ä¶ https://t.co/01FNZXyuQz",CNN
2018-06-24 11:30:50,0.0,0.0,1.0,0.0,"""We've been waiting for this moment for such a long time, and now finally it's here!"" Saudi women tell @CNN how the‚Ä¶ https://t.co/R485BiQFn9",CNN
2018-06-24 11:30:09,0.0,0.0,1.0,0.0,New Zealand Prime Minister Jacinda Ardern became the first world leader in nearly 30 years to have a child while in‚Ä¶ https://t.co/3TRRXivoWo,CNN
2018-06-24 11:15:05,0.0,0.0,1.0,0.0,Every single person in charge of law and order in this Georgia town is a black woman https://t.co/kUpZ4JAiXW https://t.co/3PuuRJjkRV,CNN
2018-06-24 11:01:05,-0.4019,0.13,0.87,0.0,A 9-year-old boy in Greece permanently injured his left eye when he repeatedly gazed into a laser pointer's green b‚Ä¶ https://t.co/utAi8QBck9,CNN
2018-06-24 10:31:00,0.0,0.0,1.0,0.0,"This major exhibition by renowned glass artist Dale Chihuly marks the first time George Vanderbilt's descendants, w‚Ä¶ https://t.co/9Bz4dBcHA5",CNN
2018-06-24 10:30:06,-0.5574,0.146,0.854,0.0,"Koko, the gorilla who mastered sign language, died in her sleep at age 46, The Gorilla Foundation says. She was sai‚Ä¶ https://t.co/044ZrSk44E",CNN
2018-06-24 10:22:18,0.9042,0.0,0.548,0.452,"""I feel like I'm surprised -- am I really driving in my own country? I feel happy, relieved. I feel like I'm free.""‚Ä¶ https://t.co/zjyEr71gKg",CNN
2018-06-24 10:15:07,0.0,0.0,1.0,0.0,This school in Virginia is switching its name from that of a Confederate general to Barack Obama Elementary School‚Ä¶ https://t.co/dL3WAn0N1l,CNN
2018-06-24 10:01:08,0.0,0.0,1.0,0.0,Italian scholars claim they have unearthed the first known piece by Renaissance genius Leonardo Da Vinci‚Ä¶ https://t.co/NvoOCFewz8,CNN
2018-06-24 09:45:08,0.0,0.0,1.0,0.0,"First, it was a small bump under her left eye. Five days later, it appeared above the eye. Her upper lip was bulgin‚Ä¶ https://t.co/Cbxh6zI03z",CNN
2018-06-24 09:31:00,0.3612,0.0,0.889,0.111,"After three years of restoration at Yosemite National Park, some of the world's biggest trees are ready to view aga‚Ä¶ https://t.co/vbXfWJgqHH",CNN
2018-06-24 09:15:05,0.4588,0.0,0.727,0.273,What to know about Sunday's BET Awards https://t.co/bgqHsqkyvI https://t.co/W0GuvMBOrW,CNN
2018-06-24 09:08:45,0.1027,0.0,0.938,0.062,"At the stroke of midnight on Sunday, Saudi women were legally allowed to drive for the first time - and they've was‚Ä¶ https://t.co/atuQGWYI4R",CNN
2018-06-24 09:01:06,0.0,0.0,1.0,0.0,"Otzi, a 5,300-year-old glacier mummy found in the Italian Alps, is older than the Giza pyramids and Stonehenge. The‚Ä¶ https://t.co/1xh6kxtsa2",CNN
2018-06-24 08:55:07,0.0,0.0,1.0,0.0,Polls have opened across Turkey in a snap vote as President Recep Tayyip Erdogan faces his biggest electoral threat‚Ä¶ https://t.co/F9iOxUwkMi,CNN
2018-06-24 08:45:03,0.7184,0.0,0.731,0.269,"""Quit trying to make us feel teary-eyed for the children. Yes, I love children a great deal, but to me, it's up to‚Ä¶ https://t.co/fcd7L5d2GK",CNN
2018-06-24 08:31:00,0.0,0.0,1.0,0.0,"A West Virginia couple says a hospital mixed up two newborn babies, after the mother showed off one baby to relativ‚Ä¶ https://t.co/2sGbVvE0TM",CNN
2018-06-24 08:15:04,0.4019,0.0,0.847,0.153,There's nearly a Nixon 1974 level of public support for impeaching President Trump | Analysis by @zbyronwolf¬†‚Ä¶ https://t.co/Jx47eHmlvZ,CNN
2018-06-24 08:12:50,-0.5574,0.159,0.841,0.0,"Saudi Arabia has lifted its longstanding ban on women driving, after years of campaigning by activists who have som‚Ä¶ https://t.co/kB6LjW67qi",CNN
2018-06-24 08:01:03,-0.3071,0.101,0.899,0.0,"President Trump claims crime in Germany ""is way up."" 

But data from the German government shows that 2017 saw the‚Ä¶ https://t.co/A4VJolafXM",CNN
2018-06-24 07:31:00,0.0,0.0,1.0,0.0,"Tiny house living may not be for everyone, but tiny house resorts have popped up all over the country, offering eve‚Ä¶ https://t.co/FXhieCJ4L4",CNN
2018-06-24 07:15:05,0.0,0.0,1.0,0.0,"The US government might send up to 20,000 undocumented immigrant children to housing on US military bases, two defe‚Ä¶ https://t.co/9hValJExkU",CNN
2018-06-24 07:01:06,0.7845,0.0,0.669,0.331,"""Black Panther"" star Chadwick Boseman was accepting an MTV award for playing a superhero when he invited James Shaw‚Ä¶ https://t.co/OD3nnJZ8Qy",CNN
2018-06-24 06:45:09,-0.34,0.112,0.888,0.0,"American Outdoor Brands, the gun maker that owns the iconic Smith &amp; Wesson line of firearms, reported plunging sale‚Ä¶ https://t.co/iLeCrBLt0g",CNN
2018-06-24 06:31:00,0.4215,0.0,0.798,0.202,"83-year-old artist Christo has been creating conceptually challenging, and large-scale work since the late 1950s. N‚Ä¶ https://t.co/LydzzGCWIY",CNN
2018-06-24 06:15:06,-0.5106,0.148,0.852,0.0,"Americans born into poverty are more likely than ever before to stay that way under the Trump administration, accor‚Ä¶ https://t.co/9sqvjBIjtF",CNN
2018-06-24 06:00:11,0.0,0.0,1.0,0.0,T-shirt makers are riffing on Melania Trump's jacket and donating the proceeds to refugee services‚Ä¶ https://t.co/em0ZXn5nsW,CNN
2018-06-24 05:45:08,0.0,0.0,1.0,0.0,"First, it was a small bump under her left eye. Five days later, it appeared above the eye. Her upper lip was bulgin‚Ä¶ https://t.co/gVvXpvRb2x",CNN
2018-06-24 05:31:00,0.0,0.0,1.0,0.0,This is how KitKats are made https://t.co/4EErNERWNW https://t.co/7RQ1knBF7Q,CNN
2018-06-24 05:15:04,0.4019,0.0,0.816,0.184,"How soybeans -- yes, soybeans -- could impact the midterm elections https://t.co/TDuL7njBVA https://t.co/GT7laD4Cco",CNN
2018-06-24 05:01:02,0.0,0.0,1.0,0.0,The introduction of HPV vaccines in England led to an 86% reduction in rates of the cancer-causing infection https://t.co/dMio3f1gf5,CNN
2018-06-24 04:45:05,0.0,0.0,1.0,0.0,New Zealand Prime Minister Jacinda Ardern became the first world leader in nearly 30 years to have a child while in‚Ä¶ https://t.co/zvZ4WaPK03,CNN
2018-06-24 04:31:00,0.0,0.0,1.0,0.0,"Jim Davis introduced the world to Garfield on June 19, 1978. Since then the comic strip character has spun off TV s‚Ä¶ https://t.co/VRdLrSiA1l",CNN
2018-06-24 04:15:06,0.0,0.0,1.0,0.0,Every single person in charge of law and order in this Georgia town is a black woman https://t.co/O49ppicmkX https://t.co/psgCDVTNrH,CNN
2018-06-24 04:01:09,0.0,0.0,1.0,0.0,Canada becomes the second nation in the world to legalize marijuana https://t.co/hDpMyJpV2r https://t.co/DS8KdRsvnP,CNN
2018-06-24 03:15:05,0.0,0.0,1.0,0.0,Every single person in charge of law and order in this Georgia town is a black woman https://t.co/xvTFHyxybd https://t.co/5SMVe3yHDZ,CNN
2018-06-24 03:00:19,0.0,0.0,1.0,0.0,"The US government might send up to 20,000 undocumented immigrant children to housing on US military bases, two defe‚Ä¶ https://t.co/nauartDBjk",CNN
2018-06-24 02:45:08,0.0,0.0,1.0,0.0,"Democratic Sen. Jeff Merkley is ""exploring the possibility"" of throwing his hat in the ring in the 2020 presidentia‚Ä¶ https://t.co/3UJ1iiRNPe",CNN
2018-06-24 02:30:11,0.4019,0.0,0.847,0.153,There's nearly a Nixon 1974 level of public support for impeaching President Trump | Analysis by @zbyronwolf¬†‚Ä¶ https://t.co/GMUkVqRSLy,CNN
2018-06-24 02:15:08,0.7184,0.0,0.731,0.269,"""Quit trying to make us feel teary-eyed for the children. Yes, I love children a great deal, but to me, it's up to‚Ä¶ https://t.co/SEaMngzwGk",CNN
2018-06-24 02:00:17,0.4019,0.0,0.816,0.184,"How soybeans -- yes, soybeans -- could impact the midterm elections https://t.co/5sqhbAmTWG https://t.co/oMoqtG4fHM",CNN
2018-06-24 01:45:04,0.0,0.0,1.0,0.0,"First, it was a small bump under her left eye. Five days later, it appeared above the eye. Her upper lip was bulgin‚Ä¶ https://t.co/nqB0DFpxCY",CNN
2018-06-24 01:15:06,0.0,0.0,1.0,0.0,A far-right pundit appointed to a post at the Department of Health and Human Services listed on her resume past wor‚Ä¶ https://t.co/70SIM5cI8a,CNN
2018-06-24 01:00:11,0.0,0.0,1.0,0.0,T-shirt makers are riffing on Melania Trump's jacket and donating the proceeds to refugee services‚Ä¶ https://t.co/srVAEOXfvq,CNN
2018-06-24 00:45:04,0.0,0.0,1.0,0.0,"About 9,000 bourbon barrels plummeted to the ground at Barton 1792 Distillery, home of the brand 1792 Bourbon‚Ä¶ https://t.co/jWjx3ZnEua",CNN
2018-06-24 00:15:07,-0.4404,0.184,0.711,0.105,"""It's like they're putting a knife in your chest and killing you.""

A Guatemalan immigrant was reunited with her so‚Ä¶ https://t.co/IKyVlKftoU",CNN
2018-06-24 00:00:13,-0.6597,0.188,0.812,0.0,The Republican nominee for a US House seat in New Jersey has said diversity leads to Muslims killing Christians and‚Ä¶ https://t.co/MTVg7TRl3W,CNN
2018-06-23 23:45:09,-0.5106,0.148,0.852,0.0,"Americans born into poverty are more likely than ever before to stay that way under the Trump administration, accor‚Ä¶ https://t.co/xwEll4QJ0I",CNN
2018-06-23 23:30:08,0.0772,0.0,0.944,0.056,"""I see mothers bury their sons. I want my mom to never feel that pain.""

Two years ago, Antwon Rose wrote those lin‚Ä¶ https://t.co/apTQLTotDk",CNN
2018-06-24 23:15:43,0.0,0.0,1.0,0.0,White House says it knows locations of all migrant children in custody https://t.co/aIhLtNsiuk,FoxNews
2018-06-24 23:11:12,0.128,0.0,0.923,0.077,".@RepMcCaul: ""Congress needs to act to close the legal loopholes that incentivize the coyotes to bring these childr‚Ä¶ https://t.co/wRvawbhwT9",FoxNews
2018-06-24 23:05:27,0.1531,0.151,0.658,0.191,Pennsylvania man finds hope after years of addiction and despair https://t.co/dI9XtRqlnB https://t.co/qwVofwmCvt,FoxNews
2018-06-24 23:00:23,-0.296,0.208,0.644,0.149,Kansas City Royals signal interest in star college pitcher convicted of child sex abuse https://t.co/hhHKxUVGva,FoxNews
2018-06-24 22:52:17,0.0,0.0,1.0,0.0,'Return of the Jedi' blaster used by Han Solo is sold at auction https://t.co/rO1HlcK9ra,FoxNews
2018-06-24 22:45:56,0.0,0.0,1.0,0.0,Work is underway to complete a Wounded Warrior center in California. Trace Gallagher has the story. #ProudAmerican https://t.co/tA4QqlpqHx,FoxNews
2018-06-24 22:34:00,0.1139,0.0,0.893,0.107,"TONIGHT: Don't miss @TheRealJohnHCox, @HeyTammyBruce, @TezlynFigaro, and Shelby Steele from @HooverInst on‚Ä¶ https://t.co/cJSNzZb2Ml",FoxNews
2018-06-24 22:27:16,-0.4215,0.189,0.811,0.0,Walgreens pharmacist allegedly denies Arizona woman miscarriage medicine over his personal beliefs https://t.co/Hm7dAOAhRD,FoxNews
2018-06-24 22:14:51,-0.2263,0.112,0.888,0.0,Thousands across the country are participating in protests to keep families together at the border.‚Ä¶ https://t.co/HstaHpm5uA,FoxNews
2018-06-24 22:11:42,0.0,0.0,1.0,0.0,President @realDonaldTrump's administration has provided an update on efforts to reunite separated migrant children‚Ä¶ https://t.co/2iLMvymJjW,FoxNews
2018-06-24 22:05:00,-0.2023,0.186,0.67,0.144,"Almost 16,000 US service members have died since 2006, mostly in the United States https://t.co/wAbbAdrNmH",FoxNews
2018-06-24 21:58:00,0.0,0.0,1.0,0.0,"Turkish President Erdogan claims victory, expanded powers in dual elections https://t.co/eyzJYzbWhf",FoxNews
2018-06-24 21:49:51,-0.6486,0.249,0.751,0.0,"Scientist shot dead in front of daughters, 2 and 4, during California camping trip https://t.co/4OqPHYkfUA",FoxNews
2018-06-24 21:33:56,-0.8225,0.369,0.631,0.0,Roseanne Barr breaks down in first interview since ABC fired her over racist tweet https://t.co/wumKDZWLsV,FoxNews
2018-06-24 21:32:25,0.0,0.0,1.0,0.0,Longtime Fox News contributor Charles Krauthammer was laid to rest Sunday in Maryland. https://t.co/eaJpvU4Urm https://t.co/KaoFqefEpR,FoxNews
2018-06-24 21:24:00,0.0,0.0,1.0,0.0,OPINION: Red Hen teaches Sarah Huckabee Sanders that Virginia is for PC bullies (not for lovers) https://t.co/WKm2nQfVS5,FoxNews
2018-06-24 21:08:42,-0.2732,0.257,0.601,0.142,"Teen on @AlaskaAir flight helps blind and deaf passenger traveling alone, goes viral https://t.co/cP9FTtmQCQ",FoxNews
2018-06-24 21:01:01,0.6124,0.0,0.773,0.227,"RT @FoxNewsResearch: Social Security Disability Benefits:

‚Ä¢May: 8.63M recipients
‚Üí Peak: 8.96M in Sep 2014

‚Ä¢2017: Fewer than 1.5M applica‚Ä¶",FoxNews
2018-06-24 20:54:17,0.0,0.0,1.0,0.0,.@RepGoodlatte suggests there is some DOJ resistance to transparency over the Russia probe. @Garrett_FoxNews has th‚Ä¶ https://t.co/kEkJQ0Ving,FoxNews
2018-06-24 20:43:56,0.4019,0.0,0.87,0.13,".@JoePerticone: ""A 'red wave' is probably just [@POTUS] trying to talk up his own party and their accomplishments.""‚Ä¶ https://t.co/qEeRJjesU9",FoxNews
2018-06-24 20:40:12,0.0,0.0,1.0,0.0,"The @BlueAngels took to the skies at the Vectren Dayton Air Show in Vandalia, Ohio. #ProudAmerican https://t.co/wS2FlZZI2o",FoxNews
2018-06-24 20:32:25,-0.34,0.124,0.876,0.0,Glenn Beck walks out of tense CNN interview after Brian Stelter asks why his company was 'imploding' https://t.co/bpsbZ5MYwJ,FoxNews
2018-06-24 20:28:11,0.6361,0.0,0.766,0.234,".@RepDonBacon: ""I think it's really important that we keep the nuclear family together to respect the family. Howev‚Ä¶ https://t.co/u3uB70Q6ie",FoxNews
2018-06-24 20:26:40,0.3818,0.0,0.867,0.133,The @DHSgov has established a process to ensure families separated at the border can reunite. @ellisonbarber has th‚Ä¶ https://t.co/a0HwaLPH7i,FoxNews
2018-06-24 20:17:23,0.4019,0.0,0.87,0.13,"Earlier, @SenSchumer called on the Trump administration to appoint a Czar to help reunite the children that were se‚Ä¶ https://t.co/ABVGq5n8AM",FoxNews
2018-06-24 20:08:15,0.0,0.0,1.0,0.0,"The government is working to reunite more than 2,000 migrant children with their parents. Jeff Paul has the story.‚Ä¶ https://t.co/sEf41NoSDC",FoxNews
2018-06-24 20:00:04,-0.5106,0.318,0.543,0.14,OPINION: Here's how to solve the immigration crisis  https://t.co/1G6C9nCJ1T,FoxNews
2018-06-24 19:51:41,-0.3804,0.126,0.874,0.0,".@RealCandaceO on Trump staffers facing backlash: ""What this tells me is that the Left has absolutely lost control.‚Ä¶ https://t.co/K1auGmGNgJ",FoxNews
2018-06-24 19:44:24,-0.8316,0.281,0.719,0.0,"RT @FoxNewsResearch: US War in Afghanistan:
‚Ä¢Began October 7, 2001
‚Ä¢Longest war in US history 
‚Ä¢Current troop level: ~15,000
‚Üí 3,000 more t‚Ä¶",FoxNews
2018-06-24 19:41:54,0.0,0.0,1.0,0.0,".@POTUS: ""I don't believe any administration, any president, has come even close to doing what we've done in the fi‚Ä¶ https://t.co/ULkJfAYjeb",FoxNews
2018-06-24 19:35:34,-0.5106,0.136,0.864,0.0,"John Murphy on retaliatory tariffs: ""The pain that it is going to inflict is going to be noticeable I think at a ne‚Ä¶ https://t.co/XzPEzHIXiC",FoxNews
2018-06-24 19:35:12,0.3182,0.0,0.85,0.15,Border Patrol Union VP: Dem's Immigration Claims Couldn't Be 'Farther from the Truth' https://t.co/cS1FHWEQyq,FoxNews
2018-06-24 19:28:01,0.0,0.0,1.0,0.0,Turkey President Erdogan holds big lead in elections https://t.co/aPLImPT4MB,FoxNews
2018-06-24 19:24:03,0.0,0.0,1.0,0.0,RT @EricShawnTV: When will all the children be reunited with their parents? Can Congressional action speed up the process? I anchor at 4 pm‚Ä¶,FoxNews
2018-06-24 19:22:00,0.0,0.0,1.0,0.0,"Fox News presents the moving story of Dr. Krauthammer‚Äôs life: ""Charles Krauthammer: His Words"" ‚Äì Tonight at 8p ET. https://t.co/pkjP9iQU1I",FoxNews
2018-06-24 19:15:18,-0.34,0.124,0.876,0.0,"Jason Riley: ""The [Supreme Court] sort of let Congress off the hook...Congress had avoided fixing this problem...be‚Ä¶ https://t.co/P7KAwHFnaf",FoxNews
2018-06-24 19:13:09,0.0,0.0,1.0,0.0,Red Hen eateries feel the heat after Sarah Sanders booted from Virginia restaurant with same name https://t.co/F5s1VameWM,FoxNews
2018-06-24 19:03:00,-0.3818,0.167,0.833,0.0,Michael Rapaport restrained American Airlines passenger who tried to open emergency door mid-flight https://t.co/Xmy8TUvb5y,FoxNews
2018-06-24 19:02:15,0.6597,0.0,0.748,0.252,".@RichLowry remembers longtime Fox News contributor Charles Krauthammer: ""He was one of the great defenders of our‚Ä¶ https://t.co/UCleig9Mnq",FoxNews
2018-06-24 18:57:01,0.0,0.0,1.0,0.0,FBI sends classified letter to House GOP on use of informants in Trump campaign https://t.co/o7KbSv0K3g,FoxNews
2018-06-24 18:53:00,0.5574,0.0,0.705,0.295,McMaster hoping @realDonaldTrump visit will buoy his chances in South Carolina runoff https://t.co/D3IjjQOPvN,FoxNews
2018-06-24 18:44:46,0.0,0.0,1.0,0.0,Statue of Toys 'R' Us mascot Geoffrey the Giraffe heading to children's hospital https://t.co/HGfHl3Nly3,FoxNews
2018-06-24 18:35:28,-0.6249,0.17,0.83,0.0,"Former DHS Sec. Jeh Johnson: ""We have an underlying humanitarian crisis on our southern border that we must deal wi‚Ä¶ https://t.co/I8HAQQ0PE0",FoxNews
2018-06-24 18:24:55,0.7096,0.0,0.763,0.237,".@RepMcCaul: ""I am the eternal optimist and I do think there are 218 Republicans that agree with the four pillars o‚Ä¶ https://t.co/gjvnNAefxt",FoxNews
2018-06-24 18:23:42,0.0,0.0,1.0,0.0,".@RepMcCaul: ""The fact is, every Democrat voted against a very [I think] rational DACA fix."" #FoxNewsSunday‚Ä¶ https://t.co/yauRB0mBrf",FoxNews
2018-06-24 18:21:19,0.128,0.0,0.923,0.077,".@RepMcCaul: ""Congress needs to act to close the legal loopholes that incentivize the coyotes to bring these childr‚Ä¶ https://t.co/P7TyL5TUpY",FoxNews
2018-06-24 18:18:56,0.3612,0.0,0.828,0.172,'Sounds Like Donald Trump': Kaltbaum Calls Out Obama's Immigration Views from 2005 https://t.co/wsisiTkgyB,FoxNews
2018-06-24 18:09:52,0.0,0.0,1.0,0.0,House immigration reform bill. #FoxNewsSunday https://t.co/lgpmmPplyD,FoxNews
2018-06-24 17:57:49,-0.4019,0.153,0.847,0.0,Dollywood sued for $2 million by mom who injured spinal cord on water park ride https://t.co/I4Tma6JOgM,FoxNews
2018-06-24 17:51:26,-0.743,0.474,0.526,0.0,Explosion destroys building in Germany; 25 injured https://t.co/08i6GJOFhu https://t.co/FCdRMG5Di5,FoxNews
2018-06-24 17:43:52,0.0,0.0,1.0,0.0,Red Hen eateries feel the heat after Sarah Sanders booted from Virginia restaurant with same name https://t.co/mCv5f61m8t,FoxNews
2018-06-24 17:32:40,0.2732,0.0,0.851,0.149,"Sarah Sanders booted so restaurant could uphold 'certain standards,' co-owner says: report https://t.co/AAw9zwQ2R4",FoxNews
2018-06-24 17:31:44,-0.3182,0.113,0.887,0.0,"RT @EricShawnTV: I anchor @FoxNews at 4pm EDT with @ArthelNeville: FBI official Peter Strozk's anti @POTUS @realDonaldTrump texts are ""deva‚Ä¶",FoxNews
2018-06-24 17:27:04,0.0,0.0,1.0,0.0,.@MichelleObama says her memoir is a 're-humanization' effort https://t.co/cjEWqcubKU,FoxNews
2018-06-24 17:22:57,0.0,0.0,1.0,0.0,"Fox News presents the moving story of Dr. Krauthammer‚Äôs life: ""Charles Krauthammer: His Words"" ‚Äì Tonight at 8p ET. https://t.co/1erdyE7aQo",FoxNews
2018-06-24 17:12:14,0.4404,0.0,0.698,0.302,.@RepRussell: ‚ÄúLet‚Äôs fix legal immigration and let‚Äôs secure our border.‚Äù https://t.co/HjIAHIta4Z,FoxNews
2018-06-24 17:02:16,0.0,0.0,1.0,0.0,Charles Krauthammer laid to rest today https://t.co/RU8AZ45fpd,FoxNews
2018-06-24 16:46:59,0.296,0.186,0.515,0.299,'Free like a bird': Saudi women start driving as longstanding ban ends https://t.co/HeD1vbhKjI https://t.co/yWBKEingiS,FoxNews
2018-06-24 16:33:00,0.1139,0.0,0.893,0.107,"TONIGHT: Don't miss @TheRealJohnHCox, @HeyTammyBruce, @TezlynFigaro, and Shelby Steele from @HooverInst on‚Ä¶ https://t.co/CtofPiZDub",FoxNews
2018-06-24 16:23:00,0.7557,0.0,0.695,0.305,"‚ÄòDespair and Hope in America: Fox News Investigates‚Äô ‚Äì Don't miss part three of this special series on ‚ÄòFox Report,‚Ä¶ https://t.co/9fS86JrGLn",FoxNews
2018-06-24 16:21:49,0.0,0.0,1.0,0.0,".@RepArrington: ‚ÄúWe need to keep the families together, that‚Äôs why Congress has to act. The president is doing what‚Ä¶ https://t.co/7Kn0aM5XPO",FoxNews
2018-06-24 16:18:13,-0.4767,0.22,0.78,0.0,".@RepArrington: ‚ÄúUltimately, it‚Äôs on Congress to fix our broken immigration process.‚Äù https://t.co/J65tCzLdBO",FoxNews
2018-06-24 16:16:22,-0.4939,0.412,0.588,0.0,Thousands protest amid immigration confusion; @Jeff_Journalist reports https://t.co/QPpugxRGmh,FoxNews
2018-06-24 16:09:42,0.8192,0.07,0.622,0.309,BEAUTIFUL: A mother is brought to tears of joy when her one-year-old daughter reacts to hearing sound for the first‚Ä¶ https://t.co/dxcKIYlpnY,FoxNews
2018-06-24 16:04:55,0.0,0.0,1.0,0.0,.@HowardKurtz on the legacy of Charles Krauthammer https://t.co/Q6UvwAgj6V,FoxNews
2018-06-24 15:46:29,-0.802,0.375,0.625,0.0,US Navy IDs pilot killed in crash at New Mexico Air Force base https://t.co/R9MVCOsbIc,FoxNews
2018-06-24 15:41:31,-0.6705,0.273,0.727,0.0,New video shows woman trying to resist YouTube stunt that killed boyfriend https://t.co/keSpcaNu0T,FoxNews
2018-06-24 15:22:00,0.0,0.0,1.0,0.0,"Fox News presents the moving story of Dr. Krauthammer‚Äôs life: ""Charles Krauthammer: His Words"" ‚Äì Tonight at 8p ET. https://t.co/IKYWaHI0wV",FoxNews
2018-06-24 15:13:48,-0.3182,0.168,0.733,0.099,"Veteran's small business is gifted $15,000 worth of lawn equipment after his gear is stolen https://t.co/xwWUPZrH91",FoxNews
2018-06-24 15:08:00,0.296,0.0,0.896,0.104,"Rabbi Evan Moffic: ‚ÄúIf we can‚Äôt share a meal together, if we can‚Äôt take a picture together and break bread together‚Ä¶ https://t.co/qlh8sJhlL7",FoxNews
2018-06-24 15:02:00,-0.25,0.25,0.75,0.0,Report: North Korea Erasing Anti-U.S. Propaganda https://t.co/4lcyis6cKq,FoxNews
2018-06-24 14:56:10,0.7506,0.0,0.584,0.416,U.S. Army Honors Country Music Singer With Civilian Service Medal https://t.co/vbzDjadNA8,FoxNews
2018-06-24 14:45:50,0.2686,0.146,0.595,0.259,McCaul optimistic immigration bill will pass House despite Trump's lament about 'wasting time' https://t.co/0x7tqjg2sF,FoxNews
2018-06-24 14:42:09,-0.3919,0.128,0.872,0.0,.@RepPeteKing: ‚ÄúI am totally opposed to sanctuary cities but under Bob Goodlatte‚Äôs bill it would‚Äôve cut off funding‚Ä¶ https://t.co/sKdUrD2RHj,FoxNews
2018-06-24 14:38:34,0.0,0.0,1.0,0.0,".@RepGoodlatte: ‚ÄúPeople are figuring out the loopholes, we‚Äôve got to close those.‚Äù #SundayFutures @MariaBartiromo https://t.co/VLu7HuyJTl",FoxNews
2018-06-24 14:38:00,-0.2244,0.106,0.894,0.0,TONIGHT: Don‚Äôt miss ‚ÄúFox Report with Jon Scott‚Äù at 6p ET on Fox News Channel! @JonScottFNC https://t.co/5CDPopdFQ1,FoxNews
2018-06-24 14:32:16,0.2144,0.0,0.902,0.098,".@RepGoodlatte: ‚ÄúThere have been questions raised about the special counsel, but I have always said that they shoul‚Ä¶ https://t.co/Mwnie27QTv",FoxNews
2018-06-24 14:15:05,0.0,0.0,1.0,0.0,Woman dubbed '#PermitPatty' appears to call cops on 8-year-old girl selling water in viral video https://t.co/w6H6DSnu3K,FoxNews
2018-06-24 14:10:00,-0.3867,0.143,0.79,0.067,"TONIGHT: Don't miss ""Life, Liberty, &amp; Levin"" with @marklevinshow - Tune in at 10p ET on Fox News Channel! https://t.co/Z3yYi0I1kG",FoxNews
2018-06-24 14:09:16,0.5106,0.0,0.752,0.248,Maldives resorts fed up with Instagram models requesting free stays https://t.co/6fomUHtcTe,FoxNews
2018-06-24 14:05:44,0.0,0.0,1.0,0.0,Eggo waffle sales are dwindling during ‚ÄòStranger Things‚Äô hiatus https://t.co/MOvQzml5bL,FoxNews
2018-06-24 13:52:35,0.1796,0.103,0.718,0.179,"RT @FoxNewsSunday: .@RepMcCaul suggests ""zero tolerance"" policy may be revisited: ""It‚Äôs very unclear how this executive order's playing out‚Ä¶",FoxNews
2018-06-24 13:45:57,0.5106,0.0,0.645,0.355,U.S. Army Honors Country Star @cmorganmusic https://t.co/SCEJioC8Ri,FoxNews
2018-06-24 13:41:07,0.0,0.0,1.0,0.0,Michelle Obama says her memoir is a 're-humanization' effort https://t.co/cjEWqcubKU,FoxNews
2018-06-24 13:28:31,0.4019,0.0,0.787,0.213,RT @FoxBusiness: Sam Adams teams to support veteran-owned small businesses https://t.co/WAccGlFt2c,FoxNews
2018-06-24 13:16:12,0.0,0.0,1.0,0.0,Charles Krauthammer to be laid to rest today https://t.co/xCL2PcxoFn https://t.co/qQ6o1fRAIM,FoxNews
2018-06-24 13:14:39,0.2023,0.155,0.634,0.211,'Fixer Upper' stars Chip and Joanna Gaines welcome baby No. 5 https://t.co/J3Qef9MBrA,FoxNews
2018-06-24 12:54:03,-0.25,0.095,0.905,0.0,"Michael Malice: ‚ÄúI think if they are starting to take down anti-U.S. propaganda, this would be a major step towards‚Ä¶ https://t.co/hlsi6wZeTX",FoxNews
2018-06-24 12:47:22,0.296,0.0,0.896,0.104,"Rabbi Evan Moffic: ‚ÄúIf we can‚Äôt share a meal together, if we can‚Äôt take a picture together and break bread together‚Ä¶ https://t.co/Wq7PUhdZB5",FoxNews
2018-06-24 12:43:47,0.296,0.196,0.489,0.315,'Free like a bird': Saudi women start driving as longstanding ban ends https://t.co/HeD1vbhKjI,FoxNews
2018-06-24 12:33:04,-0.4767,0.22,0.78,0.0,Priest suspended after viral video shows him slapping baby during baptism https://t.co/m2Dvr3GP0w,FoxNews
2018-06-24 12:23:00,0.7557,0.0,0.695,0.305,"‚ÄòDespair and Hope in America: Fox News Investigates‚Äô ‚Äì Don't miss part three of this special series on ‚ÄòFox Report,‚Ä¶ https://t.co/2Pg8SxPlsp",FoxNews
2018-06-24 12:19:30,0.2732,0.0,0.851,0.149,"Sarah Sanders booted so restaurant could uphold 'certain standards,' co-owner says: report https://t.co/AAw9zwQ2R4",FoxNews
2018-06-24 11:58:26,-0.8271,0.42,0.483,0.097,Cop killer who murdered New York police officer in 1973 granted parole https://t.co/sXmCUKqko1,FoxNews
2018-06-24 11:49:13,0.0,0.0,1.0,0.0,Alligator goes for a swim at Florida beach https://t.co/v764I8DRNP,FoxNews
2018-06-24 11:37:00,0.0191,0.073,0.85,0.077,TODAY: Don't miss @RepMcCaul's exclusive interview on @FoxNewsSunday. Check your local listings and tune in to Fox‚Ä¶ https://t.co/K9zumNTkf9,FoxNews
2018-06-24 11:36:42,-0.3182,0.168,0.733,0.099,"Veteran's small business is gifted $15,000 worth of lawn equipment after his gear is stolen https://t.co/xwWUPZa6ht",FoxNews
2018-06-24 11:29:46,-0.743,0.512,0.488,0.0,Explosion destroys building in Germany; 25 injured https://t.co/08i6GJOFhu,FoxNews
2018-06-24 11:25:55,-0.5859,0.257,0.743,0.0,World's Ugliest Dog title goes to English bulldog named Zsa Zsa https://t.co/ULzFTGFgc1,FoxNews
2018-06-24 11:23:20,0.0,0.0,1.0,0.0,.@henrymcmaster: ‚ÄúWe‚Äôre pulling for her. Katie‚Ä¶ she‚Äôs a real fighter.‚Äù https://t.co/LF1KRUe30M https://t.co/SUVaFiqatJ,FoxNews
2018-06-24 23:06:36,0.6369,0.0,0.769,0.231,"This year‚Äôs list of the World‚Äôs 50 Best Restaurants was revealed in Bilbao, Spain https://t.co/ZNrTRU48cm",nytimes
2018-06-24 22:49:19,0.0,0.0,1.0,0.0,"‚ÄúWhat country are you a citizen of?"" the Border Patrol agent asked a driver at a highway checkpoint in Maine https://t.co/JDvaeMfOxs",nytimes
2018-06-24 22:30:05,-0.5574,0.153,0.847,0.0,Scientists are wondering why an ozone-layer destroying gas is hanging in the air. Come along as we follow a trail o‚Ä¶ https://t.co/avInLCtMht,nytimes
2018-06-24 22:15:06,-0.3818,0.209,0.663,0.128,Pakistan's Taliban appoints a new leader known for extortion and promoting violence against health workers https://t.co/onvYWg7BTz,nytimes
2018-06-24 22:08:28,0.802,0.114,0.466,0.419,Teenage Girl Helps a Blind and Deaf Passenger and Wins Praise for Doing ‚ÄòSomething Beautiful‚Äô https://t.co/4QcCZEYIFL,nytimes
2018-06-24 22:00:03,-0.4019,0.175,0.741,0.084,"‚ÄúIt seems like such a lonely life to be deaf and blind ‚Äî to not be able to see and hear,‚Äù said Clara, 15, who helpe‚Ä¶ https://t.co/14Zn0YmjeV",nytimes
2018-06-24 21:45:05,-0.5574,0.146,0.854,0.0,Saudi Arabia lifted its ban on women driving today. We heard from women there about how their lives are changing ‚Äî‚Ä¶ https://t.co/m0yeCMYX8H,nytimes
2018-06-24 21:31:07,0.0,0.0,1.0,0.0,"RT @nytvideo: For a while, President Recep Tayyip Erdogan was the face of modern Islam in Turkey ‚Äî but over the past two years, he‚Äôs jailed‚Ä¶",nytimes
2018-06-24 21:30:16,0.0,0.0,1.0,0.0,Uber this week begins an appeal to reverse a decision by London‚Äôs regulators to revoke its operating license https://t.co/YahYDcc9Qd,nytimes
2018-06-24 21:25:41,0.2263,0.0,0.899,0.101,"Breaking News: Turkey‚Äôs president, Recep Tayyip Erdogan, claimed victory in an election that grants him sweeping ne‚Ä¶ https://t.co/TymE6H35jo",nytimes
2018-06-24 21:15:06,0.6597,0.0,0.769,0.231,"Orkambi, a new drug to treat cystic fibrosis, costs $272,000 a year, but has been shown to only modestly help patie‚Ä¶ https://t.co/YdNx9oLfwZ",nytimes
2018-06-24 21:00:19,0.0,0.0,1.0,0.0,Here are some ideas for what to cook this week https://t.co/F2Kl6fyULC,nytimes
2018-06-24 20:52:05,0.7269,0.0,0.766,0.234,"""The movement itself is every day of the year."" As people across the U.S. celebrate Pride, we asked readers what th‚Ä¶ https://t.co/VX0elBds6x",nytimes
2018-06-24 20:45:05,-0.5267,0.196,0.714,0.089,The artist Prune Nourry created a 13-foot-tall cement sculpture of a female warrior as a tribute to breast cancer s‚Ä¶ https://t.co/3tmplvdmxQ,nytimes
2018-06-24 20:42:31,0.0,0.0,1.0,0.0,President Recep Tayyip Erdogan of Turkey claimed victory on Sunday in the country‚Äôs presidential election https://t.co/cphmvvtfsv,nytimes
2018-06-24 20:30:07,-0.5423,0.189,0.811,0.0,‚ÄúCatfish‚Äù will resume filming after an investigation into a sexual harassment allegation against the show‚Äôs co-host‚Ä¶ https://t.co/UlbTtQjUab,nytimes
2018-06-24 20:15:05,0.0,0.0,1.0,0.0,"New Zealand's prime minister said her newborn daughter's middle name, Te Aroha, which means ""love"" in the Maori lan‚Ä¶ https://t.co/GoEfKkvV3C",nytimes
2018-06-24 20:00:20,0.0,0.0,1.0,0.0,This tent city houses migrant children between 13 and 17. Reporters haven‚Äôt been allowed in ‚Äî so we used aerial ima‚Ä¶ https://t.co/wGaCcHQHuW,nytimes
2018-06-24 19:45:05,0.4215,0.0,0.877,0.123,"Parents of more than 2,300 children who were separated after their arrival in the United States now face lengthy bu‚Ä¶ https://t.co/lG5HBTEssV",nytimes
2018-06-24 19:30:05,-0.5023,0.16,0.84,0.0,Dino-mite? Not quite. But ‚ÄúJurassic World: Fallen Kingdom‚Äù arrived to a still-huge $150 million in ticket sales ove‚Ä¶ https://t.co/JGqDeegAmm,nytimes
2018-06-24 19:15:01,0.7506,0.0,0.748,0.252,"In Opinion

Op-Ed contributor Sonia Nazario writes, ""Law and order can go hand in hand with humanity. It‚Äôs the Amer‚Ä¶ https://t.co/ynUZpG2jvF",nytimes
2018-06-24 19:00:05,0.25,0.0,0.909,0.091,‚ÄúWe now have concrete evidence that Scott Pruitt offered to use taxpayer resources to do favors for the lobbyist wh‚Ä¶ https://t.co/VzSsORzuKD,nytimes
2018-06-24 18:45:04,0.0,0.0,1.0,0.0,"President Recep Tayyip Erdogan was leading Sunday in early balloting for the presidency, with 55 percent of the vot‚Ä¶ https://t.co/XWNUxmvIgR",nytimes
2018-06-24 18:30:08,0.2263,0.0,0.909,0.091,"As he eyes a 2020 presidential run, Bernie Sanders is gaining traction among Democrats for his ideas, but having tr‚Ä¶ https://t.co/o3LJS62zDF",nytimes
2018-06-24 18:15:05,0.0,0.0,1.0,0.0,"‚ÄúWhat country are you a citizen of?"" the Border Patrol agent asked a driver at a highway checkpoint in Maine https://t.co/6oVSbYD2zO",nytimes
2018-06-24 18:00:10,0.0,0.0,1.0,0.0,"As school shootings mount ‚Äî more than 200 have occurred since the one in Newtown, Conn., in 2012 ‚Äî educators face t‚Ä¶ https://t.co/ogUTp7iLeB",nytimes
2018-06-24 17:45:05,0.0,0.0,1.0,0.0,"Everyone who ever spent even a few minutes with Obama, it seems, has written a book about it https://t.co/A4k099SlVk",nytimes
2018-06-24 17:30:17,0.3464,0.065,0.803,0.132,President Trump suggested sending people who ‚Äúinvade‚Äù the United States ‚Äúback from where they came‚Äù without legal p‚Ä¶ https://t.co/QB1pcQY9FX,nytimes
2018-06-24 17:15:03,0.2023,0.0,0.833,0.167,"Here are the week‚Äôs top stories, and a look ahead https://t.co/O9yP5DbHux",nytimes
2018-06-24 17:00:13,0.1901,0.0,0.911,0.089,"U.S. politicians talk a lot about the importance of families, but their policies don't match up to their words https://t.co/y9xW0GrzGr",nytimes
2018-06-24 16:45:10,0.296,0.107,0.738,0.156,"Colombia, a team many thought could win the Group H, will look to rebound after losing its opener to Japan https://t.co/F28DqKpOWx",nytimes
2018-06-24 16:30:12,0.0258,0.0,0.942,0.058,Tens of thousands of Britons opposed to the country‚Äôs withdrawal from the European Union marched through the street‚Ä¶ https://t.co/lSR9QKbdcF,nytimes
2018-06-24 16:15:07,0.0,0.0,1.0,0.0,"Under President Trump, once stately medallions have gotten glitzier, and at least one featured a Trump property https://t.co/SiId7NtLU2",nytimes
2018-06-24 16:01:19,-0.1923,0.226,0.632,0.143,"RT @NYTStyles: Every day is so wonderful
Then suddenly 
It's hard to breathe
Now and then I get insecure 
From all the pain
I'm so ashamed‚Ä¶",nytimes
2018-06-24 16:00:04,-0.1531,0.074,0.926,0.0,"Prince William has kicked off a ""historic"" visit to the Middle East, with planned stops in Jordan, Israel and the P‚Ä¶ https://t.co/Gpdq2TvOQ8",nytimes
2018-06-24 15:55:29,0.6705,0.141,0.575,0.284,"@NYTStyles You are beautiful
No matter what they say
Words can't bring you down
Oh no
You are beautiful
In every si‚Ä¶ https://t.co/g75JRurQMj",nytimes
2018-06-24 15:45:06,0.0,0.0,1.0,0.0,"In Opinion

Op-Ed columnist @MaureenDowd writes, ""Donald and Ivanka are consumed with protecting their own brands.‚Ä¶ https://t.co/K4qjgTQsmx",nytimes
2018-06-24 15:30:04,0.0,0.0,1.0,0.0,The federal government said it had reunited 522 migrant children who were separated at the border as part of Presid‚Ä¶ https://t.co/WXpZnDyfA3,nytimes
2018-06-24 15:15:10,-0.3612,0.111,0.889,0.0,Japan takes on Senegal in a Group H match between 2 underdogs who pulled off upsets in their first games of this Wo‚Ä¶ https://t.co/MNcWYoZR92,nytimes
2018-06-24 15:00:05,-0.25,0.154,0.732,0.114,"The World‚Äôs Ugliest Dog contest is actually a celebration of the dogs, many of which were rescued from shelters or‚Ä¶ https://t.co/dwpcORBEVR",nytimes
2018-06-24 14:45:06,0.2023,0.0,0.899,0.101,"Jared Kushner, President Trump‚Äôs top adviser on the Middle East, told a Palestinian newspaper that the Palestinian‚Ä¶ https://t.co/z4lZlGAB6B",nytimes
2018-06-24 14:37:41,0.0,0.0,1.0,0.0,"The first goal in England‚Äôs 6-1 rout of Panama was instructive, and in retrospect a preview of what was to come https://t.co/0jv7GWveWb",nytimes
2018-06-24 14:30:14,0.0,0.0,1.0,0.0,"During a visit to Nevada, President Trump delivered a message he has repeated at rallies for weeks: ‚ÄúWe need more R‚Ä¶ https://t.co/FE5Ytmi594",nytimes
2018-06-24 14:20:08,0.0,0.0,1.0,0.0,RT @patrickhealynyt: A Red Wave? Here‚Äôs some of what we do know: Trump voters have become a resilient force for 2018. The more he‚Äôs attacke‚Ä¶,nytimes
2018-06-24 14:08:13,0.3612,0.0,0.902,0.098,"RT @nytvideo: What does an election look like when democracy‚Äôs very survival is in question? To find out, we came to Turkey, where Presiden‚Ä¶",nytimes
2018-06-24 14:02:00,0.0,0.0,1.0,0.0,@nytimesbusiness @nytimesworld @NYTNational @NYTStyles @NYTMetro Amid shifting global terrain for the LGBTQ communi‚Ä¶ https://t.co/zdYgVnFsUD,nytimes
2018-06-24 13:48:47,0.5423,0.0,0.816,0.184,"@NYTStyles @NYTMetro The nature of Pride has changed as well. In 2018, The Times has been telling stories of how qu‚Ä¶ https://t.co/WJMCDn1vUf",nytimes
2018-06-24 13:39:00,-0.6808,0.228,0.772,0.0,The word ‚Äúgay‚Äù was banned from The Times five years later ‚Äî because of an article that upset the publisher's 82-yea‚Ä¶ https://t.co/FGwAtPcQmL,nytimes
2018-06-24 13:35:42,0.34,0.0,0.893,0.107,"New York City‚Äôs annual Pride parade, which takes place today, got its start in 1970, a year after the Stonewall rio‚Ä¶ https://t.co/oynpIV417d",nytimes
2018-06-24 13:30:15,-0.5994,0.17,0.83,0.0,How big a deal is a trade war with China? It depends very much on which products you are talking about. https://t.co/JuL5YbaWam,nytimes
2018-06-24 13:12:03,0.0,0.0,1.0,0.0,"RT @nytlizrobbins: Inside a New York state-regulated facility for young immigrants, some recently separated from their parents at the borde‚Ä¶",nytimes
2018-06-24 13:00:10,-0.3612,0.183,0.699,0.118,"A new pattern of behavior in domestic abuse cases is tied to smart home technology. Internet-connected locks, speak‚Ä¶ https://t.co/JHPHPriX5r",nytimes
2018-06-24 12:43:20,0.0,0.0,1.0,0.0,The ABCs of L.G.B.T.Q.I.A.+ https://t.co/ztSIXxTlL8,nytimes
2018-06-24 12:30:11,0.3818,0.078,0.781,0.141,"5 years ago, the Supreme Court struck down a key part of the Voting Rights Act. Since then, it's become harder to v‚Ä¶ https://t.co/7B6xAbFF9D",nytimes
2018-06-24 12:00:40,0.0,0.0,1.0,0.0,England vs. Panama: World Cup 2018 Live https://t.co/NJdB4CvONd,nytimes
2018-06-24 12:00:07,0.4173,0.0,0.872,0.128,"RT @abbygoodnough: She treats diabetes, rashes, strep throat - and opioid addiction. The country needs many more doctors like her. https://‚Ä¶",nytimes
2018-06-24 11:30:09,0.4404,0.0,0.884,0.116,"75% of Americans say immigration is good for the nation, the most to say so since at least 2001, according to a new‚Ä¶ https://t.co/VnJwL8aZss",nytimes
2018-06-24 11:00:06,0.0,0.0,1.0,0.0,"As the numbers show, there is a stark disconnect between Trump's border rhetoric and the reality of life in border‚Ä¶ https://t.co/HhaRSRU3Hq",nytimes
2018-06-24 10:38:32,0.4215,0.0,0.763,0.237,"A Space Force? The Idea May Have Merit, Some Say https://t.co/bJMjH70Wfz",nytimes
2018-06-24 10:36:26,0.4939,0.0,0.738,0.262,Travel Tips: 5 Tips to Enjoy a Tween- and Teen-Friendly Vacation https://t.co/lCufX0BWQ1,nytimes
2018-06-24 10:30:08,0.0,0.0,1.0,0.0,"""That‚Äôs what I do, is deals,"" President Trump said one day last month. Except that so far he has not. https://t.co/sdOOsqy3MW",nytimes
2018-06-24 10:00:13,0.128,0.0,0.923,0.077,"Trump voters have become a resilient force for the midterms. They leap to his defense, they say, because criticism‚Ä¶ https://t.co/STaUp7dw68",nytimes
2018-06-24 09:40:32,0.0,0.0,1.0,0.0,RT @NYTFashion: Now THAT'S what I call sustainable fashion https://t.co/R4GH37YfpO,nytimes
2018-06-24 09:24:15,0.0,0.0,1.0,0.0,‚ÄúWe‚Äôve seen more nonstate armed groups emerge in the last 7 years than in the previous 70 years‚Äù https://t.co/VZDCzdUeGn,nytimes
2018-06-24 09:07:35,0.0,0.0,1.0,0.0,Michael Jackson‚Äôs estate is developing a Broadway-bound bio-musical https://t.co/PsdtC7XUex,nytimes
2018-06-24 08:50:06,0.0,0.0,1.0,0.0,The Final Hours of the Iceman‚Äôs Tools https://t.co/mHvUecy4Al,nytimes
2018-06-24 08:41:49,0.2263,0.0,0.84,0.16,Instagram will now allow videos up to an hour long https://t.co/AFIYEcBvxJ,nytimes
2018-06-24 08:25:10,0.0,0.0,1.0,0.0,Jacinda Ardern is the first world leader in almost 3 decades to give birth while in office https://t.co/0kGjBzZjSv,nytimes
2018-06-24 08:08:21,0.296,0.0,0.784,0.216,"Nina Simone's childhood home is now a National Treasure
https://t.co/U51a577uKM",nytimes
2018-06-24 07:51:30,-0.34,0.211,0.789,0.0,"‚ÄúAnd Italian Roma?"" Unfortunately we have to keep them."" https://t.co/EktnnC1d9h",nytimes
2018-06-24 07:34:48,-0.3291,0.15,0.85,0.0,"The Warped Tour has showcased female stars over the years, including No Doubt, Katy Perry and Paramore, but its gen‚Ä¶ https://t.co/9yscZYH4rA",nytimes
2018-06-24 07:18:19,-0.34,0.145,0.855,0.0,RT @nytimesworld: Tens of thousands of anti-Brexit protesters gathered in London to demand citizens have a say in the final Brexit deal  ht‚Ä¶,nytimes
2018-06-24 07:01:39,0.4404,0.0,0.838,0.162,Why train travel is a good way to go when you're bringing your dog along https://t.co/BX4yEWnI1x https://t.co/bEXighUTO1,nytimes
2018-06-24 06:28:12,0.2023,0.0,0.833,0.167,How Apple‚Äôs Tim Cook became tech‚Äôs top diplomat https://t.co/fVIKblQtdX https://t.co/3OnD0OH5Sy,nytimes
2018-06-24 06:11:35,0.0,0.0,1.0,0.0,"The World Cup fans descended on Volgograd, Russia. Then the bugs descended on them. https://t.co/6ozvd28Mtf",nytimes
2018-06-24 05:54:46,-0.5994,0.157,0.843,0.0,RT @Neil_Irwin: What does a trade war with China mean in practical terms? It depends a lot on the microeconomics of each particular product‚Ä¶,nytimes
2018-06-24 05:38:12,-0.5574,0.135,0.865,0.0,"RT @nytimesworld: Kim Jong-pil, who died Saturday at 92, was the last of the ‚ÄúThree Kims‚Äù who dominated South Korean politics for decades h‚Ä¶",nytimes
2018-06-24 05:21:30,0.25,0.0,0.875,0.125,The current system favors low-risk research and proposals by older scientists and white men https://t.co/wC26bswhk3,nytimes
2018-06-24 05:05:00,0.0,0.0,1.0,0.0,Astronomers have discovered thousands of exoplanets circling other stars within our galaxy. Is life only possible o‚Ä¶ https://t.co/v4wzfQLnrg,nytimes
2018-06-24 04:49:02,0.7096,0.0,0.763,0.237,Few primary care doctors are willing to do what Nicole Gastala does: treat patients who are addicted to opioid pain‚Ä¶ https://t.co/Km6d1PJMmE,nytimes
2018-06-24 04:39:03,0.8109,0.0,0.731,0.269,"""YES WE ALL CARE. Y-DON‚ÄôT-U.""

See some of the messages that people are painting and taping on their jackets in res‚Ä¶ https://t.co/kMHsVfe0LQ",nytimes
2018-06-24 04:28:04,0.2023,0.0,0.899,0.101,"""I hoped I would experience this one day. But I never thought it would happen in my lifetime."" https://t.co/gsYGXOMLUz",nytimes
2018-06-24 04:21:07,0.296,0.0,0.804,0.196,U.S. Government Reunites 522 Children Removed Under 'Zero Tolerance' https://t.co/VobVBA1VAL,nytimes
2018-06-24 04:16:05,0.0,0.0,1.0,0.0,Elizabeth Warren denounced President Trump's policies in Reno. Hours later he responded in Las Vegas with a slur. S‚Ä¶ https://t.co/FpisO0R6E5,nytimes
2018-06-24 04:01:47,0.3182,0.0,0.897,0.103,"-Men‚Äôs earnings increase by 6% when they become fathers
-A woman's hourly wages decrease by 4% with each child

(Th‚Ä¶ https://t.co/KSiQWRXymq",nytimes
2018-06-24 03:44:01,-0.1531,0.195,0.678,0.127,"""The kingdom has fallen. The park is gone. Welcome to the petting zoo,"" our critic A.O. Scott writes. https://t.co/KVReZSg6le",nytimes
2018-06-24 03:27:19,-0.296,0.104,0.896,0.0,"For the past 3 years, she hasn‚Äôt been able to keep anything down. There‚Äôs no evidence of a parasitic infection, and‚Ä¶ https://t.co/WqpPLPiIIX",nytimes
2018-06-24 03:08:10,-0.4404,0.182,0.818,0.0,Elizabeth Warren Condemned Trump in Reno. He Answered in Las Vegas With a Slur. https://t.co/imWIdFqGjF,nytimes
2018-06-24 03:05:46,0.6369,0.0,0.769,0.231,"This year‚Äôs list of the World‚Äôs 50 Best Restaurants was revealed in Bilbao, Spain https://t.co/1bS05P4lal",nytimes
2018-06-24 02:49:19,-0.128,0.092,0.837,0.072,"Scientists are desperate to solve the puzzle. If the answer isn‚Äôt found soon, then 32 years of work to end the scou‚Ä¶ https://t.co/5k602GHJbr",nytimes
2018-06-24 02:33:03,-0.6429,0.236,0.764,0.0,"‚ÄúI‚Äôm not 20. I don‚Äôt want to be 20, but I‚Äôm really freaking cool.‚Äù Meet the grandmas of Instagram. https://t.co/dUtRWwRlvP",nytimes
2018-06-24 02:14:10,0.0,0.0,1.0,0.0,"New Zealand‚Äôs Leader, Jacinda Ardern, Introduces Baby Daughter https://t.co/nqmEnV1Nbp",nytimes
2018-06-24 02:05:04,0.0,0.0,1.0,0.0,"The giant sequoias of Yosemite, a ‚Äúforest masterpiece,‚Äù are open for visitors again after a renovation to add walki‚Ä¶ https://t.co/6G0a6KaLm7",nytimes
2018-06-24 01:47:23,0.4019,0.0,0.876,0.124,"RT @patrickhealynyt: Add it up: These maps &amp; data points show Alabama‚Äôs constant determination to make voting harder for African-Americans,‚Ä¶",nytimes
2018-06-24 01:28:31,-0.3612,0.111,0.889,0.0,RT @randyNYT: How New York Times editor ‚Å¶@apchavira‚Å© got the Mexican soccer team to fix spelling mistakes on their jerseys. https://t.co/hS‚Ä¶,nytimes
2018-06-24 01:09:39,0.0772,0.221,0.534,0.244,Iraqi Political Alliance Unites a U.S. Friend and Foe https://t.co/BEJEUXqswH,nytimes
2018-06-24 01:02:43,0.0,0.0,1.0,0.0,"RT @nytimesworld: ‚ÄúDuring the last few years, I discovered that I have rights that have been usurped for a very long time‚Äù https://t.co/t3q‚Ä¶",nytimes
2018-06-24 00:43:32,0.25,0.117,0.721,0.162,The Koch brothers are waging a sophisticated fight against public transit initiatives across the U.S. And they are‚Ä¶ https://t.co/Uvk8ReTMlz,nytimes
2018-06-24 00:27:37,-0.3252,0.206,0.794,0.0,This summery recipe from Jacques P√©pin couldn't be easier https://t.co/ljldp9UFUX,nytimes
2018-06-24 00:11:05,0.0,0.0,1.0,0.0,"RT @anniecorreal: Here‚Äôs what we know so far about the separated children in New York. They could represent about a third of the 2,300 chil‚Ä¶",nytimes
